id,name,state_code,state_id_id
1,Bamboo Flat,AN,4023
2,Nicobar,AN,4023
3,Port Blair,AN,4023
4,South Andaman,AN,4023
5,Addanki,AP,4017
6,Adoni,AP,4017
7,Akasahebpet,AP,4017
8,Akividu,AP,4017
9,Akkarampalle,AP,4017
10,Amalapuram,AP,4017
11,Amudalavalasa,AP,4017
12,Anakapalle,AP,4017
13,Anantapur,AP,4017
14,Atmakur,AP,4017
15,Attili,AP,4017
16,Avanigadda,AP,4017
17,Badvel,AP,4017
18,Banganapalle,AP,4017
19,Bapatla,AP,4017
20,Betamcherla,AP,4017
21,Bhattiprolu,AP,4017
22,Bhimavaram,AP,4017
23,Bhimunipatnam,AP,4017
24,Bobbili,AP,4017
25,Challapalle,AP,4017
26,Chemmumiahpet,AP,4017
27,Chilakalurupet,AP,4017
28,Chinnachowk,AP,4017
29,Chipurupalle,AP,4017
30,Chirala,AP,4017
31,Chittoor,AP,4017
32,Chodavaram,AP,4017
33,Cuddapah,AP,4017
34,Cumbum,AP,4017
35,Darsi,AP,4017
36,Dharmavaram,AP,4017
37,Dhone,AP,4017
38,Diguvametta,AP,4017
39,East Godavari,AP,4017
40,Elamanchili,AP,4017
41,Ellore,AP,4017
42,Emmiganur,AP,4017
43,Erraguntla,AP,4017
44,Etikoppaka,AP,4017
45,Gajuwaka,AP,4017
46,Ganguvada,AP,4017
47,Gannavaram,AP,4017
48,Giddalur,AP,4017
49,Gokavaram,AP,4017
50,Gorantla,AP,4017
51,GovindapuramChilakaluripetGuntur,AP,4017
52,Gudivada,AP,4017
53,Gudlavalleru,AP,4017
54,Gudur,AP,4017
55,Guntakal Junction,AP,4017
56,Guntur,AP,4017
57,Hindupur,AP,4017
58,Ichchapuram,AP,4017
59,Jaggayyapeta,AP,4017
60,Jammalamadugu,AP,4017
61,Kadiri,AP,4017
62,Kaikalur,AP,4017
63,Kakinada,AP,4017
64,Kalyandurg,AP,4017
65,Kamalapuram,AP,4017
66,Kandukur,AP,4017
67,Kanigiri,AP,4017
68,Kankipadu,AP,4017
69,Kanuru,AP,4017
70,Kavali,AP,4017
71,Kolanukonda,AP,4017
72,Kondapalle,AP,4017
73,Korukollu,AP,4017
74,Kosigi,AP,4017
75,Kovvur,AP,4017
76,Krishna,AP,4017
77,Kuppam,AP,4017
78,Kurnool,AP,4017
79,Macherla,AP,4017
80,Machilipatnam,AP,4017
81,Madanapalle,AP,4017
82,Madugula,AP,4017
83,Mandapeta,AP,4017
84,Mandasa,AP,4017
85,Mangalagiri,AP,4017
86,Markapur,AP,4017
87,Nagari,AP,4017
88,Nagireddipalli,AP,4017
89,Nandigama,AP,4017
90,Nandikotkur,AP,4017
91,Nandyal,AP,4017
92,Narasannapeta,AP,4017
93,Narasapur,AP,4017
94,Narasaraopet,AP,4017
95,Narasingapuram,AP,4017
96,Narayanavanam,AP,4017
97,Narsipatnam,AP,4017
98,Nayudupet,AP,4017
99,Nellore,AP,4017
100,Nidadavole,AP,4017
101,Nuzvid,AP,4017
102,Ongole,AP,4017
103,Pakala,AP,4017
104,Palakollu,AP,4017
105,Palasa,AP,4017
106,Palkonda,AP,4017
107,Pallevada,AP,4017
108,Palmaner,AP,4017
109,Parlakimidi,AP,4017
110,Parvatipuram,AP,4017
111,Pavuluru,AP,4017
112,Pedana,AP,4017
113,pedda nakkalapalem,AP,4017
114,Peddapuram,AP,4017
115,Penugonda,AP,4017
116,Penukonda,AP,4017
117,Phirangipuram,AP,4017
118,Pippara,AP,4017
119,Pithapuram,AP,4017
120,Polavaram,AP,4017
121,Ponnur,AP,4017
122,Ponnuru,AP,4017
123,Prakasam,AP,4017
124,Proddatur,AP,4017
125,Pulivendla,AP,4017
126,Punganuru,AP,4017
127,Puttaparthi,AP,4017
128,Puttur,AP,4017
129,Rajahmundry,AP,4017
130,Ramachandrapuram,AP,4017
131,Ramanayyapeta,AP,4017
132,Ramapuram,AP,4017
133,Rampachodavaram,AP,4017
134,Rayachoti,AP,4017
135,Rayadrug,AP,4017
136,Razam,AP,4017
137,Razampeta,AP,4017
138,Razole,AP,4017
139,Renigunta,AP,4017
140,Repalle,AP,4017
141,Salur,AP,4017
142,Samalkot,AP,4017
143,Sattenapalle,AP,4017
144,Singarayakonda,AP,4017
145,Sompeta,AP,4017
146,Srikakulam,AP,4017
147,Srisailain,AP,4017
148,Suluru,AP,4017
149,Tadepalle,AP,4017
150,Tadepallegudem,AP,4017
151,Tadpatri,AP,4017
152,Tanuku,AP,4017
153,Tekkali,AP,4017
154,Tirumala,AP,4017
155,Tirupati,AP,4017
156,Tuni,AP,4017
157,Uravakonda,AP,4017
158,vadlamuru,AP,4017
159,Vadlapudi,AP,4017
160,Venkatagiri,AP,4017
161,Vepagunta,AP,4017
162,Vetapalem,AP,4017
163,Vijayawada,AP,4017
164,Vinukonda,AP,4017
165,Visakhapatnam,AP,4017
166,Vizianagaram,AP,4017
167,Vizianagaram District,AP,4017
168,Vuyyuru,AP,4017
169,West Godavari,AP,4017
170,Yanam,AP,4017
171,Yanamalakuduru,AP,4017
172,Yarada,AP,4017
173,Along,AR,4024
174,Anjaw,AR,4024
175,Basar,AR,4024
176,Bomdila,AR,4024
177,Changlang,AR,4024
178,Dibang Valley,AR,4024
179,East Kameng,AR,4024
180,East Siang,AR,4024
181,Hayuliang,AR,4024
182,Itanagar,AR,4024
183,Khonsa,AR,4024
184,Kurung Kumey,AR,4024
185,Lohit District,AR,4024
186,Lower Dibang Valley,AR,4024
187,Lower Subansiri,AR,4024
188,Margherita,AR,4024
189,Naharlagun,AR,4024
190,Pasighat,AR,4024
191,Tawang,AR,4024
192,Tezu,AR,4024
193,Tirap,AR,4024
194,Upper Siang,AR,4024
195,Upper Subansiri,AR,4024
196,West Kameng,AR,4024
197,West Siang,AR,4024
198,Ziro,AR,4024
199,Abhayapuri,AS,4027
200,Amguri,AS,4027
201,Badarpur,AS,4027
202,Baksa,AS,4027
203,Barpathar,AS,4027
204,Barpeta,AS,4027
205,Barpeta Road,AS,4027
206,Basugaon,AS,4027
207,Bihpuriagaon,AS,4027
208,Bijni,AS,4027
209,Bilasipara,AS,4027
210,Bokajan,AS,4027
211,Bokakhat,AS,4027
212,Bongaigaon,AS,4027
213,Cachar,AS,4027
214,Chabua,AS,4027
215,Chapar,AS,4027
216,Chirang,AS,4027
217,Darrang,AS,4027
218,Dergaon,AS,4027
219,Dhekiajuli,AS,4027
220,Dhemaji,AS,4027
221,Dhing,AS,4027
222,Dhubri,AS,4027
223,Dibrugarh,AS,4027
224,Digboi,AS,4027
225,Dima Hasao District,AS,4027
226,Diphu,AS,4027
227,Dispur,AS,4027
228,Duliagaon,AS,4027
229,Dum Duma,AS,4027
230,Gauripur,AS,4027
231,Goalpara,AS,4027
232,Gohpur,AS,4027
233,Golaghat,AS,4027
234,Golakganj,AS,4027
235,Goshaingaon,AS,4027
236,Guwahati,AS,4027
237,Haflong,AS,4027
238,Hailakandi,AS,4027
239,Hajo,AS,4027
240,Hojai,AS,4027
241,Howli,AS,4027
242,Jogighopa,AS,4027
243,Jorhat,AS,4027
244,Kamrup,AS,4027
245,Kamrup Metropolitan,AS,4027
246,Karbi Anglong,AS,4027
247,Karimganj,AS,4027
248,Kharupatia,AS,4027
249,Kokrajhar,AS,4027
250,Lakhimpur,AS,4027
251,Lakhipur,AS,4027
252,Lala,AS,4027
253,Lumding Railway Colony,AS,4027
254,Mahur,AS,4027
255,Maibong,AS,4027
256,Makum,AS,4027
257,Mangaldai,AS,4027
258,Mariani,AS,4027
259,Moranha,AS,4027
260,Morigaon,AS,4027
261,Nagaon,AS,4027
262,Nahorkatiya,AS,4027
263,Nalbari,AS,4027
264,Namrup,AS,4027
265,Nazira,AS,4027
266,North Guwahati,AS,4027
267,North Lakhimpur,AS,4027
268,Numaligarh,AS,4027
269,Palasbari,AS,4027
270,Raha,AS,4027
271,Rangapara,AS,4027
272,Rangia,AS,4027
273,Sapatgram,AS,4027
274,Sarupathar,AS,4027
275,Sibsagar,AS,4027
276,Silapathar,AS,4027
277,Silchar,AS,4027
278,Soalkuchi,AS,4027
279,Sonari,AS,4027
280,Sonitpur,AS,4027
281,Sorbhog,AS,4027
282,Tezpur,AS,4027
283,Tinsukia,AS,4027
284,Titabar,AS,4027
285,Udalguri,AS,4027
286,Amarpur,BR,4037
287,Araria,BR,4037
288,Arrah,BR,4037
289,Arwal,BR,4037
290,Asarganj,BR,4037
291,Aurangabad,BR,4037
292,Bagaha,BR,4037
293,Bahadurganj,BR,4037
294,Bairagnia,BR,4037
295,Baisi,BR,4037
296,Bakhtiyarpur,BR,4037
297,Bangaon,BR,4037
298,Banka,BR,4037
299,Banmankhi,BR,4037
300,Bar Bigha,BR,4037
301,Barauli,BR,4037
302,Barh,BR,4037
303,Barhiya,BR,4037
304,Bariarpur,BR,4037
305,Baruni,BR,4037
306,Begusarai,BR,4037
307,Belsand,BR,4037
308,Bettiah,BR,4037
309,Bhabhua,BR,4037
310,Bhagalpur,BR,4037
311,Bhagirathpur,BR,4037
312,Bhawanipur,BR,4037
313,Bhojpur,BR,4037
314,Bihar Sharif,BR,4037
315,Bihariganj,BR,4037
316,Bikramganj,BR,4037
317,Birpur,BR,4037
318,Bodh Gaya,BR,4037
319,Buxar,BR,4037
320,Chakia,BR,4037
321,Chapra,BR,4037
322,Chhatapur,BR,4037
323,Colgong,BR,4037
324,Dalsingh Sarai,BR,4037
325,Darbhanga,BR,4037
326,Daudnagar,BR,4037
327,Dehri,BR,4037
328,Dhaka,BR,4037
329,Dighwara,BR,4037
330,Dinapore,BR,4037
331,Dumra,BR,4037
332,Dumraon,BR,4037
333,Fatwa,BR,4037
334,Forbesganj,BR,4037
335,Gaya,BR,4037
336,Ghoga,BR,4037
337,Gopalganj,BR,4037
338,Hajipur,BR,4037
339,Hilsa,BR,4037
340,Hisua,BR,4037
341,Islampur,BR,4037
342,Jagdispur,BR,4037
343,Jahanabad,BR,4037
344,Jamalpur,BR,4037
345,Jamui,BR,4037
346,Jaynagar,BR,4037
347,Jehanabad,BR,4037
348,Jha-Jha,BR,4037
349,Jhanjharpur,BR,4037
350,Jogbani,BR,4037
351,Kaimur District,BR,4037
352,Kasba,BR,4037
353,Katihar,BR,4037
354,Khagaria,BR,4037
355,Khagaul,BR,4037
356,Kharagpur,BR,4037
357,Khusropur,BR,4037
358,Kishanganj,BR,4037
359,Koath,BR,4037
360,Koelwar,BR,4037
361,Lakhisarai,BR,4037
362,Lalganj,BR,4037
363,Luckeesarai,BR,4037
364,Madhepura,BR,4037
365,Madhubani,BR,4037
366,Maharajgani,BR,4037
367,Mairwa,BR,4037
368,Maner,BR,4037
369,Manihari,BR,4037
370,Marhaura,BR,4037
371,Masaurhi Buzurg,BR,4037
372,Mohiuddi nagar,BR,4037
373,Mokameh,BR,4037
374,Monghyr,BR,4037
375,Mothihari,BR,4037
376,Munger,BR,4037
377,Murliganj,BR,4037
378,Muzaffarpur,BR,4037
379,Nabinagar,BR,4037
380,Nalanda,BR,4037
381,Nasriganj,BR,4037
382,Naugachhia,BR,4037
383,Nawada,BR,4037
384,Nirmali,BR,4037
385,Pashchim Champaran,BR,4037
386,Patna,BR,4037
387,Piro,BR,4037
388,Pupri,BR,4037
389,Purba Champaran,BR,4037
390,Purnia,BR,4037
391,Rafiganj,BR,4037
392,Raghunathpur,BR,4037
393,Rajgir,BR,4037
394,Ramnagar,BR,4037
395,Raxaul,BR,4037
396,Revelganj,BR,4037
397,Rohtas,BR,4037
398,Rusera,BR,4037
399,Sagauli,BR,4037
400,Saharsa,BR,4037
401,Samastipur,BR,4037
402,Saran,BR,4037
403,Shahbazpur,BR,4037
404,Shahpur,BR,4037
405,Sheikhpura,BR,4037
406,Sheohar,BR,4037
407,Sherghati,BR,4037
408,Silao,BR,4037
409,Sitamarhi,BR,4037
410,Siwan,BR,4037
411,Supaul,BR,4037
412,Teghra,BR,4037
413,Tekari,BR,4037
414,Thakurganj,BR,4037
415,Vaishali,BR,4037
416,Waris Aliganj,BR,4037
417,Chandigarh,CH,4031
418,Akaltara,CT,4040
419,Ambagarh Chauki,CT,4040
420,Ambikapur,CT,4040
421,Arang,CT,4040
422,Baikunthpur,CT,4040
423,Balod,CT,4040
424,Baloda,CT,4040
425,Baloda Bazar,CT,4040
426,Basna,CT,4040
427,Bastar,CT,4040
428,Bemetara,CT,4040
429,Bhanpuri,CT,4040
430,Bhatapara,CT,4040
431,Bhatgaon,CT,4040
432,Bhilai,CT,4040
433,Bijapur,CT,4040
434,Bilaspur,CT,4040
435,Champa,CT,4040
436,Chhuikhadan,CT,4040
437,Dantewada,CT,4040
438,Deori,CT,4040
439,Dhamtari,CT,4040
440,Dongargaon,CT,4040
441,Dongargarh,CT,4040
442,Durg,CT,4040
443,Gandai,CT,4040
444,Gariaband,CT,4040
445,Gaurela,CT,4040
446,Gharghoda,CT,4040
447,Gidam,CT,4040
448,Jagdalpur,CT,4040
449,Janjgir,CT,4040
450,Janjgir-Champa,CT,4040
451,Jashpur,CT,4040
452,Jashpurnagar,CT,4040
453,Junagarh,CT,4040
454,Kabeerdham,CT,4040
455,Kanker,CT,4040
456,Katghora,CT,4040
457,Kawardha,CT,4040
458,Khairagarh,CT,4040
459,Khamharia,CT,4040
460,Kharod,CT,4040
461,Kharsia,CT,4040
462,Kirandul,CT,4040
463,Kondagaon,CT,4040
464,Korba,CT,4040
465,Koria,CT,4040
466,Kota,CT,4040
467,Kotaparh,CT,4040
468,Kumhari,CT,4040
469,Kurud,CT,4040
470,Lormi,CT,4040
471,Mahasamund,CT,4040
472,Mungeli,CT,4040
473,Narayanpur,CT,4040
474,Narharpur,CT,4040
475,Pandaria,CT,4040
476,Pandatarai,CT,4040
477,Pasan,CT,4040
478,Patan,CT,4040
479,Pathalgaon,CT,4040
480,Pendra,CT,4040
481,Pithora,CT,4040
482,Raigarh,CT,4040
483,Raipur,CT,4040
484,Raj Nandgaon,CT,4040
485,Ramanuj Ganj,CT,4040
486,Ratanpur,CT,4040
487,Sakti,CT,4040
488,Saraipali,CT,4040
489,Sarangarh,CT,4040
490,Seorinarayan,CT,4040
491,Simga,CT,4040
492,Surguja,CT,4040
493,Takhatpur,CT,4040
494,Umarkot,CT,4040
495,Uttar Bastar Kanker,CT,4040
496,Amli,DH,4033
497,Dadra,DH,4033
498,Dadra & Nagar Haveli,DH,4033
499,Daman,DH,4033
500,Diu,DH,4033
501,Silvassa,DH,4033
502,Alipur,DL,4021
503,Bawana,DL,4021
504,Central Delhi,DL,4021
505,Delhi,DL,4021
506,Deoli,DL,4021
507,East Delhi,DL,4021
508,Karol Bagh,DL,4021
509,Najafgarh,DL,4021
510,Nangloi Jat,DL,4021
511,Narela,DL,4021
512,New Delhi,DL,4021
513,North Delhi,DL,4021
514,North East Delhi,DL,4021
515,North West Delhi,DL,4021
516,Pitampura,DL,4021
517,Rohini,DL,4021
518,South Delhi,DL,4021
519,South West Delhi,DL,4021
520,West Delhi,DL,4021
521,Aldona,GA,4009
522,Arambol,GA,4009
523,Baga,GA,4009
524,Bambolim,GA,4009
525,Bandora,GA,4009
526,Benaulim,GA,4009
527,Calangute,GA,4009
528,Candolim,GA,4009
529,Carapur,GA,4009
530,Cavelossim,GA,4009
531,Chicalim,GA,4009
532,Chinchinim,GA,4009
533,Colovale,GA,4009
534,Colva,GA,4009
535,Cortalim,GA,4009
536,Cuncolim,GA,4009
537,Curchorem,GA,4009
538,Curti,GA,4009
539,Davorlim,GA,4009
540,Dicholi,GA,4009
541,Goa Velha,GA,4009
542,Guirim,GA,4009
543,Jua,GA,4009
544,Kankon,GA,4009
545,Madgaon,GA,4009
546,Mapuca,GA,4009
547,Morjim,GA,4009
548,Mormugao,GA,4009
549,Navelim,GA,4009
550,North Goa,GA,4009
551,Palle,GA,4009
552,Panaji,GA,4009
553,Pernem,GA,4009
554,Ponda,GA,4009
555,Quepem,GA,4009
556,Queula,GA,4009
557,Raia,GA,4009
558,Saligao,GA,4009
559,Sancoale,GA,4009
560,Sanguem,GA,4009
561,Sanquelim,GA,4009
562,Sanvordem,GA,4009
563,Serula,GA,4009
564,Solim,GA,4009
565,South Goa,GA,4009
566,Taleigao,GA,4009
567,Vagator,GA,4009
568,Valpoy,GA,4009
569,Varca,GA,4009
570,Vasco da Gama,GA,4009
571,Abrama,GJ,4030
572,Adalaj,GJ,4030
573,Agol,GJ,4030
574,Ahmedabad,GJ,4030
575,Ahwa,GJ,4030
576,Akrund,GJ,4030
577,Amod,GJ,4030
578,Amreli,GJ,4030
579,Amroli,GJ,4030
580,Anand,GJ,4030
581,Anjar,GJ,4030
582,Ankleshwar,GJ,4030
583,Babra,GJ,4030
584,Bagasara,GJ,4030
585,Bagasra,GJ,4030
586,Bakharla,GJ,4030
587,Balagam,GJ,4030
588,Balasinor,GJ,4030
589,Balisana,GJ,4030
590,Bamanbore,GJ,4030
591,Banas Kantha,GJ,4030
592,Bandia,GJ,4030
593,Bantva,GJ,4030
594,Bardoli,GJ,4030
595,Bavla,GJ,4030
596,Bedi,GJ,4030
597,Bhachau,GJ,4030
598,Bhadran,GJ,4030
599,Bhandu,GJ,4030
600,Bhanvad,GJ,4030
601,Bharuch,GJ,4030
602,Bhatha,GJ,4030
603,Bhavnagar,GJ,4030
604,Bhayavadar,GJ,4030
605,Bhildi,GJ,4030
606,Bhojpur Dharampur,GJ,4030
607,Bhuj,GJ,4030
608,Bilimora,GJ,4030
609,Bilkha,GJ,4030
610,Borsad,GJ,4030
611,Botad,GJ,4030
612,Chaklasi,GJ,4030
613,Chalala,GJ,4030
614,Chaloda,GJ,4030
615,Champaner,GJ,4030
616,Chanasma,GJ,4030
617,Chhala,GJ,4030
618,Chhota Udepur,GJ,4030
619,Chikhli,GJ,4030
620,Chotila,GJ,4030
621,Chuda,GJ,4030
622,Dabhoda,GJ,4030
623,Dabhoi,GJ,4030
624,Dahegam,GJ,4030
625,Dahod,GJ,4030
626,Dakor,GJ,4030
627,Damnagar,GJ,4030
628,Dandi,GJ,4030
629,Dangs (India),GJ,4030
630,Danta,GJ,4030
631,Dayapar,GJ,4030
632,Delvada,GJ,4030
633,Delwada,GJ,4030
634,Detroj,GJ,4030
635,Devbhumi Dwarka,GJ,4030
636,Devgadh Bariya,GJ,4030
637,Dhandhuka,GJ,4030
638,Dhanera,GJ,4030
639,Dhansura,GJ,4030
640,Dharampur,GJ,4030
641,Dharasana,GJ,4030
642,Dhari,GJ,4030
643,Dhasa,GJ,4030
644,Dhola,GJ,4030
645,Dholera,GJ,4030
646,Dholka,GJ,4030
647,Dhoraji,GJ,4030
648,Dhrangadhra,GJ,4030
649,Dhrol,GJ,4030
650,Dhuwaran,GJ,4030
651,Disa,GJ,4030
652,Dohad,GJ,4030
653,Dumkhal,GJ,4030
654,Dungarpur,GJ,4030
655,Dwarka,GJ,4030
656,Gadhada,GJ,4030
657,Gandevi,GJ,4030
658,Gandhidham,GJ,4030
659,Gandhinagar,GJ,4030
660,Gariadhar,GJ,4030
661,Ghodasar,GJ,4030
662,Ghogha,GJ,4030
663,Gir Somnath,GJ,4030
664,Godhra,GJ,4030
665,Gondal,GJ,4030
666,Gorwa,GJ,4030
667,Halenda,GJ,4030
668,Halol,GJ,4030
669,Halvad,GJ,4030
670,Hansot,GJ,4030
671,Harij,GJ,4030
672,Harsol,GJ,4030
673,Hathuran,GJ,4030
674,Himatnagar,GJ,4030
675,Idar,GJ,4030
676,Jakhau,GJ,4030
677,Jalalpore,GJ,4030
678,Jalalpur,GJ,4030
679,Jalia,GJ,4030
680,Jambuda,GJ,4030
681,Jambusar,GJ,4030
682,Jamnagar,GJ,4030
683,Jarod,GJ,4030
684,Jasdan,GJ,4030
685,Jetalpur,GJ,4030
686,Jetalsar,GJ,4030
687,Jetpur,GJ,4030
688,Jetpur (Navagadh),GJ,4030
689,Jhalod,GJ,4030
690,Jhulasan,GJ,4030
691,Jodhpur,GJ,4030
692,Jodhpur (Ahmedabad),GJ,4030
693,Jodia,GJ,4030
694,Jodiya Bandar,GJ,4030
695,Junagadh,GJ,4030
696,Kachchh,GJ,4030
697,Kachholi,GJ,4030
698,Kadi,GJ,4030
699,Kadod,GJ,4030
700,Kalavad,GJ,4030
701,Kalol,GJ,4030
702,Kandla,GJ,4030
703,Kandla port,GJ,4030
704,Kanodar,GJ,4030
705,Kapadvanj,GJ,4030
706,Karamsad,GJ,4030
707,Kariana,GJ,4030
708,Karjan,GJ,4030
709,Kathor,GJ,4030
710,Katpur,GJ,4030
711,Kawant,GJ,4030
712,Kayavarohan,GJ,4030
713,Kerwada,GJ,4030
714,Keshod,GJ,4030
715,Khambhalia,GJ,4030
716,Khambhat,GJ,4030
717,Khavda,GJ,4030
718,Kheda,GJ,4030
719,Khedbrahma,GJ,4030
720,Khedoi,GJ,4030
721,Kherali,GJ,4030
722,Kheralu,GJ,4030
723,Kodinar,GJ,4030
724,Kosamba,GJ,4030
725,Kothara,GJ,4030
726,Kotharia,GJ,4030
727,Kukarmunda,GJ,4030
728,Kukma,GJ,4030
729,Kundla,GJ,4030
730,Kutch district,GJ,4030
731,Kutiyana,GJ,4030
732,Ladol,GJ,4030
733,Lakhpat,GJ,4030
734,Lakhtar,GJ,4030
735,Lalpur,GJ,4030
736,Langhnaj,GJ,4030
737,Lathi,GJ,4030
738,Limbdi,GJ,4030
739,Limkheda,GJ,4030
740,Lunavada,GJ,4030
741,Madhavpur Ghed,GJ,4030
742,Madhi,GJ,4030
743,Mahemdavad,GJ,4030
744,Mahesana,GJ,4030
745,Mahisa,GJ,4030
746,Mahudha,GJ,4030
747,Mahuva,GJ,4030
748,Mahuva (Surat),GJ,4030
749,Malpur,GJ,4030
750,Manavadar,GJ,4030
751,Mandal,GJ,4030
752,Mandvi,GJ,4030
753,Mandvi (Surat),GJ,4030
754,Mangrol,GJ,4030
755,Mangrol (Junagadh),GJ,4030
756,Mansa,GJ,4030
757,Meghraj,GJ,4030
758,Mehsana,GJ,4030
759,Mendarda,GJ,4030
760,Mithapur,GJ,4030
761,Modasa,GJ,4030
762,Morbi,GJ,4030
763,Morva (Hadaf),GJ,4030
764,Morwa,GJ,4030
765,Mundra,GJ,4030
766,Nadiad,GJ,4030
767,Nagwa,GJ,4030
768,Naldhara,GJ,4030
769,Naliya,GJ,4030
770,Nargol,GJ,4030
771,Narmada,GJ,4030
772,Naroda,GJ,4030
773,Navsari,GJ,4030
774,Nikora,GJ,4030
775,Nizar,GJ,4030
776,Odadar,GJ,4030
777,Okha,GJ,4030
778,Olpad,GJ,4030
779,Paddhari,GJ,4030
780,Padra,GJ,4030
781,Palanpur,GJ,4030
782,Palanswa,GJ,4030
783,Palitana,GJ,4030
784,Paliyad,GJ,4030
785,Palsana,GJ,4030
786,Panch Mahals,GJ,4030
787,Panchmahal district,GJ,4030
788,Pardi,GJ,4030
789,Parnera,GJ,4030
790,Patan,GJ,4030
791,Pavi Jetpur,GJ,4030
792,Petlad,GJ,4030
793,Pipavav,GJ,4030
794,Piplod,GJ,4030
795,Porbandar,GJ,4030
796,Prabhas Patan,GJ,4030
797,Prantij,GJ,4030
798,Radhanpur,GJ,4030
799,Rajkot,GJ,4030
800,Rajpipla,GJ,4030
801,Rajula,GJ,4030
802,Ranavav,GJ,4030
803,Ranpur,GJ,4030
804,Rapar,GJ,4030
805,Reha,GJ,4030
806,Roha,GJ,4030
807,Sabar Kantha,GJ,4030
808,Sachin,GJ,4030
809,Salaya,GJ,4030
810,Samakhiali,GJ,4030
811,Sanand,GJ,4030
812,Sankheda,GJ,4030
813,Sarbhon,GJ,4030
814,Sardoi,GJ,4030
815,Sarkhej,GJ,4030
816,Sathamba,GJ,4030
817,Savarkundla,GJ,4030
818,Savli,GJ,4030
819,Sayla,GJ,4030
820,Shahpur,GJ,4030
821,Shivrajpur,GJ,4030
822,Siddhpur,GJ,4030
823,Sihor,GJ,4030
824,Sikka,GJ,4030
825,Sinor,GJ,4030
826,Sojitra,GJ,4030
827,Songadh,GJ,4030
828,Supedi,GJ,4030
829,Surat,GJ,4030
830,Surendranagar,GJ,4030
831,Sutrapada,GJ,4030
832,Talaja,GJ,4030
833,Tankara,GJ,4030
834,Tapi,GJ,4030
835,Than,GJ,4030
836,Thangadh,GJ,4030
837,Tharad,GJ,4030
838,Thasra,GJ,4030
839,The Dangs,GJ,4030
840,Umarpada,GJ,4030
841,Umrala,GJ,4030
842,Umreth,GJ,4030
843,Un,GJ,4030
844,Una,GJ,4030
845,Unjha,GJ,4030
846,Upleta,GJ,4030
847,Utran,GJ,4030
848,Vadgam,GJ,4030
849,Vadnagar,GJ,4030
850,Vadodara,GJ,4030
851,Vaghodia,GJ,4030
852,Vaghodia INA,GJ,4030
853,Vallabh Vidyanagar,GJ,4030
854,Vallabhipur,GJ,4030
855,Valsad,GJ,4030
856,Vanala,GJ,4030
857,Vansda,GJ,4030
858,Vanthli,GJ,4030
859,Vapi,GJ,4030
860,Vartej,GJ,4030
861,Vasa,GJ,4030
862,Vasavad,GJ,4030
863,Vaso,GJ,4030
864,Vataman,GJ,4030
865,Vejalpur,GJ,4030
866,Veraval,GJ,4030
867,Vijapur,GJ,4030
868,Vinchhiya,GJ,4030
869,Viramgam,GJ,4030
870,Virpur,GJ,4030
871,Visavadar,GJ,4030
872,Visnagar,GJ,4030
873,Vyara,GJ,4030
874,Wadhai,GJ,4030
875,Wadhwan,GJ,4030
876,Waghai,GJ,4030
877,Wankaner,GJ,4030
878,Ambala,HR,4007
879,Asandh,HR,4007
880,Ateli Mandi,HR,4007
881,Bahadurgarh,HR,4007
882,Bara Uchana,HR,4007
883,Barwala,HR,4007
884,Bawal,HR,4007
885,Beri Khas,HR,4007
886,Bhiwani,HR,4007
887,Bilaspur,HR,4007
888,Buriya,HR,4007
889,Charkhi Dadri,HR,4007
890,Chhachhrauli,HR,4007
891,Dabwali,HR,4007
892,Dharuhera,HR,4007
893,Ellenabad,HR,4007
894,Faridabad,HR,4007
895,Farrukhnagar,HR,4007
896,Fatehabad,HR,4007
897,Firozpur Jhirka,HR,4007
898,Gharaunda,HR,4007
899,Gohana,HR,4007
900,Gorakhpur,HR,4007
901,Gurgaon,HR,4007
902,Hansi,HR,4007
903,Hasanpur,HR,4007
904,Hisar,HR,4007
905,Hodal,HR,4007
906,Inda Chhoi,HR,4007
907,Indri,HR,4007
908,Jagadhri,HR,4007
909,Jakhal,HR,4007
910,Jhajjar,HR,4007
911,Jind,HR,4007
912,Kaithal,HR,4007
913,Kalanaur,HR,4007
914,Kalanwali,HR,4007
915,Kanina Khas,HR,4007
916,Karnal,HR,4007
917,Kharkhauda,HR,4007
918,Kheri Sampla,HR,4007
919,Kurukshetra,HR,4007
920,Ladwa,HR,4007
921,Loharu,HR,4007
922,Maham,HR,4007
923,Mahendragarh,HR,4007
924,Mandholi Kalan,HR,4007
925,Mustafabad,HR,4007
926,Narayangarh,HR,4007
927,Narnaul,HR,4007
928,Narnaund,HR,4007
929,Narwana,HR,4007
930,Nilokheri,HR,4007
931,Nuh,HR,4007
932,Palwal,HR,4007
933,Panchkula,HR,4007
934,Panipat,HR,4007
935,Pataudi,HR,4007
936,Pehowa,HR,4007
937,Pinjaur,HR,4007
938,Punahana,HR,4007
939,Pundri,HR,4007
940,Radaur,HR,4007
941,Rania,HR,4007
942,Ratia,HR,4007
943,Rewari,HR,4007
944,Rohtak,HR,4007
945,Safidon,HR,4007
946,Samalkha,HR,4007
947,Shadipur Julana,HR,4007
948,Shahabad,HR,4007
949,Sirsa,HR,4007
950,Sohna,HR,4007
951,Sonipat,HR,4007
952,Taoru,HR,4007
953,Thanesar,HR,4007
954,Tohana,HR,4007
955,Tosham,HR,4007
956,Uklana,HR,4007
957,Yamunanagar,HR,4007
958,Arki,HP,4020
959,Baddi,HP,4020
960,Banjar,HP,4020
961,Bilaspur,HP,4020
962,Chamba,HP,4020
963,Chaupal,HP,4020
964,Chowari,HP,4020
965,Chuari Khas,HP,4020
966,Dagshai,HP,4020
967,Dalhousie,HP,4020
968,Daulatpur,HP,4020
969,Dera Gopipur,HP,4020
970,Dharamsala,HP,4020
971,Gagret,HP,4020
972,Ghumarwin,HP,4020
973,Hamirpur,HP,4020
974,Jawala Mukhi,HP,4020
975,Jogindarnagar,HP,4020
976,Jubbal,HP,4020
977,Jutogh,HP,4020
978,Kalka,HP,4020
979,Kangar,HP,4020
980,Kangra,HP,4020
981,Kasauli,HP,4020
982,Kinnaur,HP,4020
983,Kotkhai,HP,4020
984,Kotla,HP,4020
985,Kulu,HP,4020
986,Kyelang,HP,4020
987,Lahul and Spiti,HP,4020
988,Manali,HP,4020
989,Mandi,HP,4020
990,Nadaun,HP,4020
991,Nagar,HP,4020
992,Nagrota,HP,4020
993,Nahan,HP,4020
994,Nalagarh,HP,4020
995,Palampur,HP,4020
996,Pandoh,HP,4020
997,Paonta Sahib,HP,4020
998,Parwanoo,HP,4020
999,Rajgarh,HP,4020
1000,Rampur,HP,4020
1001,Rohru,HP,4020
1002,Sabathu,HP,4020
1003,Santokhgarh,HP,4020
1004,Sarahan,HP,4020
1005,Sarka Ghat,HP,4020
1006,Seoni,HP,4020
1007,Shimla,HP,4020
1008,Sirmaur,HP,4020
1009,Solan,HP,4020
1010,Sundarnagar,HP,4020
1011,Theog,HP,4020
1012,Tira Sujanpur,HP,4020
1013,Una,HP,4020
1014,Yol,HP,4020
1015,Akhnur,JK,4029
1016,Anantnag,JK,4029
1017,Awantipur,JK,4029
1018,Badgam,JK,4029
1019,Bandipore,JK,4029
1020,Banihal,JK,4029
1021,Baramula,JK,4029
1022,Batoti,JK,4029
1023,Bhadarwah,JK,4029
1024,Bijbehara,JK,4029
1025,Bishnah,JK,4029
1026,Doda,JK,4029
1027,Ganderbal,JK,4029
1028,Gho Brahmanan de,JK,4029
1029,Hajan,JK,4029
1030,Hiranagar,JK,4029
1031,Jammu,JK,4029
1032,Jaurian,JK,4029
1033,Kathua,JK,4029
1034,Katra,JK,4029
1035,Khaur,JK,4029
1036,Kishtwar,JK,4029
1037,Kud,JK,4029
1038,Kulgam,JK,4029
1039,Kupwara,JK,4029
1040,Ladakh,JK,4029
1041,Magam,JK,4029
1042,Nawanshahr,JK,4029
1043,Noria,JK,4029
1044,Padam,JK,4029
1045,Pahlgam,JK,4029
1046,Parol,JK,4029
1047,Pattan,JK,4029
1048,Pulwama,JK,4029
1049,Punch,JK,4029
1050,Qazigund,JK,4029
1051,Rajaori,JK,4029
1052,Rajauri,JK,4029
1053,Ramban,JK,4029
1054,Ramgarh,JK,4029
1055,Ramnagar,JK,4029
1056,Riasi,JK,4029
1057,Samba,JK,4029
1058,Shupiyan,JK,4029
1059,Sopur,JK,4029
1060,Soyibug,JK,4029
1061,Srinagar,JK,4029
1062,Sumbal,JK,4029
1063,Thang,JK,4029
1064,Thanna Mandi,JK,4029
1065,Tral,JK,4029
1066,Tsrar Sharif,JK,4029
1067,Udhampur,JK,4029
1068,Uri,JK,4029
1069,Bagra,JH,4025
1070,Barka Kana,JH,4025
1071,Barki Saria,JH,4025
1072,Barwadih,JH,4025
1073,Bhojudih,JH,4025
1074,Bokaro,JH,4025
1075,Bundu,JH,4025
1076,Chaibasa,JH,4025
1077,Chakradharpur,JH,4025
1078,Chakulia,JH,4025
1079,Chandil,JH,4025
1080,Chas,JH,4025
1081,Chatra,JH,4025
1082,Chiria,JH,4025
1083,Daltonganj,JH,4025
1084,Deogarh,JH,4025
1085,Dhanbad,JH,4025
1086,Dhanwar,JH,4025
1087,Dugda,JH,4025
1088,Dumka,JH,4025
1089,Garhwa,JH,4025
1090,Ghatsila,JH,4025
1091,Giridih,JH,4025
1092,Gobindpur,JH,4025
1093,Godda,JH,4025
1094,Gomoh,JH,4025
1095,Gopinathpur,JH,4025
1096,Gua,JH,4025
1097,Gumia,JH,4025
1098,Gumla,JH,4025
1099,Hazaribag,JH,4025
1100,Hazaribagh,JH,4025
1101,Hesla,JH,4025
1102,Husainabad,JH,4025
1103,Jagannathpur,JH,4025
1104,Jamadoba,JH,4025
1105,Jamshedpur,JH,4025
1106,Jamtara,JH,4025
1107,Jasidih,JH,4025
1108,Jharia,JH,4025
1109,Jugsalai,JH,4025
1110,Jumri Tilaiya,JH,4025
1111,Kalikapur,JH,4025
1112,Kandra,JH,4025
1113,Kanke,JH,4025
1114,Katras,JH,4025
1115,Kenduadih,JH,4025
1116,Kharsawan,JH,4025
1117,Khunti,JH,4025
1118,Kodarma,JH,4025
1119,Kuju,JH,4025
1120,Latehar,JH,4025
1121,Lohardaga,JH,4025
1122,Madhupur,JH,4025
1123,Malkera,JH,4025
1124,Manoharpur,JH,4025
1125,Mugma,JH,4025
1126,Mushabani,JH,4025
1127,Neturhat,JH,4025
1128,Nirsa,JH,4025
1129,Noamundi,JH,4025
1130,Pakur,JH,4025
1131,Palamu,JH,4025
1132,Pashchim Singhbhum,JH,4025
1133,patamda,JH,4025
1134,Pathardih,JH,4025
1135,Purba Singhbhum,JH,4025
1136,Ramgarh,JH,4025
1137,Ranchi,JH,4025
1138,Ray,JH,4025
1139,Sahibganj,JH,4025
1140,Saraikela,JH,4025
1141,Sarubera,JH,4025
1142,Sijua,JH,4025
1143,Simdega,JH,4025
1144,Sini,JH,4025
1145,Topchanchi,JH,4025
1146,Afzalpur,KA,4026
1147,Ajjampur,KA,4026
1148,Aland,KA,4026
1149,Alnavar,KA,4026
1150,Alur,KA,4026
1151,Anekal,KA,4026
1152,Ankola,KA,4026
1153,Annigeri,KA,4026
1154,Arkalgud,KA,4026
1155,Arsikere,KA,4026
1156,Athni,KA,4026
1157,Aurad,KA,4026
1158,Badami,KA,4026
1159,Bagalkot,KA,4026
1160,Bagepalli,KA,4026
1161,Bail-Hongal,KA,4026
1162,Ballari,KA,4026
1163,Banavar,KA,4026
1164,Bangalore Rural,KA,4026
1165,Bangalore Urban,KA,4026
1166,Bangarapet,KA,4026
1167,Bannur,KA,4026
1168,Bantval,KA,4026
1169,Basavakalyan,KA,4026
1170,Basavana Bagevadi,KA,4026
1171,Belagavi,KA,4026
1172,Belluru,KA,4026
1173,Beltangadi,KA,4026
1174,Belur,KA,4026
1175,Bengaluru,KA,4026
1176,Bhadravati,KA,4026
1177,Bhalki,KA,4026
1178,Bhatkal,KA,4026
1179,Bidar,KA,4026
1180,Bilgi,KA,4026
1181,Birur,KA,4026
1182,Byadgi,KA,4026
1183,Byndoor,KA,4026
1184,Canacona,KA,4026
1185,Challakere,KA,4026
1186,Chamrajnagar,KA,4026
1187,Channagiri,KA,4026
1188,Channapatna,KA,4026
1189,Channarayapatna,KA,4026
1190,Chik Ballapur,KA,4026
1191,Chikkaballapur,KA,4026
1192,Chikkamagaluru,KA,4026
1193,Chiknayakanhalli,KA,4026
1194,Chikodi,KA,4026
1195,Chincholi,KA,4026
1196,Chintamani,KA,4026
1197,Chitapur,KA,4026
1198,Chitradurga,KA,4026
1199,Closepet,KA,4026
1200,Coondapoor,KA,4026
1201,Dakshina Kannada,KA,4026
1202,Dandeli,KA,4026
1203,Davanagere,KA,4026
1204,Devanhalli,KA,4026
1205,Dharwad,KA,4026
1206,Dod Ballapur,KA,4026
1207,French Rocks,KA,4026
1208,Gadag,KA,4026
1209,Gadag-Betageri,KA,4026
1210,Gajendragarh,KA,4026
1211,Gangawati,KA,4026
1212,Gangolli,KA,4026
1213,Gokak,KA,4026
1214,Gokarna,KA,4026
1215,Goribidnur,KA,4026
1216,Gorur,KA,4026
1217,Gubbi,KA,4026
1218,Gudibanda,KA,4026
1219,Guledagudda,KA,4026
1220,Gundlupet,KA,4026
1221,Gurmatkal,KA,4026
1222,Hadagalli,KA,4026
1223,Haliyal,KA,4026
1224,Hampi,KA,4026
1225,Hangal,KA,4026
1226,Harihar,KA,4026
1227,Harpanahalli,KA,4026
1228,Hassan,KA,4026
1229,Haveri,KA,4026
1230,Heggadadevankote,KA,4026
1231,Hirekerur,KA,4026
1232,Hiriyur,KA,4026
1233,Holalkere,KA,4026
1234,Hole Narsipur,KA,4026
1235,Homnabad,KA,4026
1236,Honavar,KA,4026
1237,Honnali,KA,4026
1238,Hosanagara,KA,4026
1239,Hosangadi,KA,4026
1240,Hosdurga,KA,4026
1241,Hoskote,KA,4026
1242,Hospet,KA,4026
1243,Hubballi,KA,4026
1244,Hukeri,KA,4026
1245,Hungund,KA,4026
1246,Hunsur,KA,4026
1247,Ilkal,KA,4026
1248,Indi,KA,4026
1249,Jagalur,KA,4026
1250,Jamkhandi,KA,4026
1251,Jevargi,KA,4026
1252,Kadur,KA,4026
1253,Kalaburgi,KA,4026
1254,Kalghatgi,KA,4026
1255,Kampli,KA,4026
1256,Kankanhalli,KA,4026
1257,Karkala,KA,4026
1258,Karwar,KA,4026
1259,Kavalur,KA,4026
1260,Kerur,KA,4026
1261,Khanapur,KA,4026
1262,Kodagu,KA,4026
1263,Kodigenahalli,KA,4026
1264,Kodlipet,KA,4026
1265,Kolar,KA,4026
1266,Kollegal,KA,4026
1267,Konanur,KA,4026
1268,Konnur,KA,4026
1269,Koppa,KA,4026
1270,Koppal,KA,4026
1271,Koratagere,KA,4026
1272,Kotturu,KA,4026
1273,Krishnarajpet,KA,4026
1274,Kudachi,KA,4026
1275,Kudligi,KA,4026
1276,Kumsi,KA,4026
1277,Kumta,KA,4026
1278,Kundgol,KA,4026
1279,Kunigal,KA,4026
1280,Kurgunta,KA,4026
1281,Kushalnagar,KA,4026
1282,Kushtagi,KA,4026
1283,Lakshmeshwar,KA,4026
1284,Lingsugur,KA,4026
1285,Londa,KA,4026
1286,Maddagiri,KA,4026
1287,Maddur,KA,4026
1288,Madikeri,KA,4026
1289,Magadi,KA,4026
1290,Mahalingpur,KA,4026
1291,Malavalli,KA,4026
1292,Malpe,KA,4026
1293,Malur,KA,4026
1294,Mandya,KA,4026
1295,Mangaluru,KA,4026
1296,Manipal,KA,4026
1297,Manvi,KA,4026
1298,Mayakonda,KA,4026
1299,Melukote,KA,4026
1300,Mudbidri,KA,4026
1301,Muddebihal,KA,4026
1302,Mudgal,KA,4026
1303,Mudgere,KA,4026
1304,Mudhol,KA,4026
1305,Mulbagal,KA,4026
1306,Mulgund,KA,4026
1307,Mulki,KA,4026
1308,Mundargi,KA,4026
1309,Mundgod,KA,4026
1310,Munirabad,KA,4026
1311,Murudeshwara,KA,4026
1312,Mysuru,KA,4026
1313,Nagamangala,KA,4026
1314,Nanjangud,KA,4026
1315,Narasimharajapura,KA,4026
1316,Naregal,KA,4026
1317,Nargund,KA,4026
1318,Navalgund,KA,4026
1319,Nelamangala,KA,4026
1320,Nyamti,KA,4026
1321,Pangala,KA,4026
1322,Pavugada,KA,4026
1323,Piriyapatna,KA,4026
1324,Ponnampet,KA,4026
1325,Puttur,KA,4026
1326,Rabkavi,KA,4026
1327,Raichur,KA,4026
1328,Ramanagara,KA,4026
1329,Ranibennur,KA,4026
1330,Raybag,KA,4026
1331,Robertsonpet,KA,4026
1332,Ron,KA,4026
1333,Sadalgi,KA,4026
1334,Sagar,KA,4026
1335,Sakleshpur,KA,4026
1336,Sandur,KA,4026
1337,Sanivarsante,KA,4026
1338,Sankeshwar,KA,4026
1339,Sargur,KA,4026
1340,Saundatti,KA,4026
1341,Savanur,KA,4026
1342,Seram,KA,4026
1343,Shahabad,KA,4026
1344,Shahpur,KA,4026
1345,Shiggaon,KA,4026
1346,Shikarpur,KA,4026
1347,Shimoga,KA,4026
1348,Shirhatti,KA,4026
1349,Shorapur,KA,4026
1350,Shrirangapattana,KA,4026
1351,Siddapur,KA,4026
1352,Sidlaghatta,KA,4026
1353,Sindgi,KA,4026
1354,Sindhnur,KA,4026
1355,Sira,KA,4026
1356,Sirsi,KA,4026
1357,Siruguppa,KA,4026
1358,Someshwar,KA,4026
1359,Somvarpet,KA,4026
1360,Sorab,KA,4026
1361,Sravana Belgola,KA,4026
1362,Sringeri,KA,4026
1363,Srinivaspur,KA,4026
1364,Sulya,KA,4026
1365,Suntikoppa,KA,4026
1366,Talikota,KA,4026
1367,Tarikere,KA,4026
1368,Tekkalakote,KA,4026
1369,Terdal,KA,4026
1370,Tiptur,KA,4026
1371,Tirthahalli,KA,4026
1372,Tirumakudal Narsipur,KA,4026
1373,Tumakuru,KA,4026
1374,Turuvekere,KA,4026
1375,Udupi,KA,4026
1376,Ullal,KA,4026
1377,Uttar Kannada,KA,4026
1378,Vadigenhalli,KA,4026
1379,Vijayapura,KA,4026
1380,Virarajendrapet,KA,4026
1381,Wadi,KA,4026
1382,Yadgir,KA,4026
1383,Yelahanka,KA,4026
1384,Yelandur,KA,4026
1385,Yelbarga,KA,4026
1386,Yellapur,KA,4026
1387,Adur,KL,4028
1388,Alappuzha,KL,4028
1389,Aluva,KL,4028
1390,Alwaye,KL,4028
1391,Angamali,KL,4028
1392,Aroor,KL,4028
1393,Arukutti,KL,4028
1394,Attingal,KL,4028
1395,Avanoor,KL,4028
1396,Azhikkal,KL,4028
1397,Beypore,KL,4028
1398,Changanacheri,KL,4028
1399,Chelakara,KL,4028
1400,Chengannur,KL,4028
1401,Cherpulassery,KL,4028
1402,Cherthala,KL,4028
1403,Chetwayi,KL,4028
1404,Chittur,KL,4028
1405,Cochin,KL,4028
1406,Dharmadom,KL,4028
1407,Edakkulam,KL,4028
1408,Elur,KL,4028
1409,Erattupetta,KL,4028
1410,Ernakulam,KL,4028
1411,Ferokh,KL,4028
1412,Guruvayur,KL,4028
1413,Idukki,KL,4028
1414,Iringal,KL,4028
1415,Irinjalakuda,KL,4028
1416,Kadakkavoor,KL,4028
1417,Kalamassery,KL,4028
1418,Kalavoor,KL,4028
1419,Kalpetta,KL,4028
1420,Kanhangad,KL,4028
1421,Kannavam,KL,4028
1422,Kannur,KL,4028
1423,Kasaragod,KL,4028
1424,Kattanam,KL,4028
1425,Kayankulam,KL,4028
1426,Kizhake Chalakudi,KL,4028
1427,Kodungallur,KL,4028
1428,Kollam,KL,4028
1429,Kotamangalam,KL,4028
1430,Kottayam,KL,4028
1431,Kovalam,KL,4028
1432,Kozhikode,KL,4028
1433,Kumbalam,KL,4028
1434,Kunnamangalam,KL,4028
1435,Kunnamkulam,KL,4028
1436,Kunnumma,KL,4028
1437,Kutiatodu,KL,4028
1438,Kuttampuzha,KL,4028
1439,Lalam,KL,4028
1440,Mahe,KL,4028
1441,Malappuram,KL,4028
1442,Manjeri,KL,4028
1443,Manjeshwaram,KL,4028
1444,Mannarakkat,KL,4028
1445,Marayur,KL,4028
1446,Mattanur,KL,4028
1447,Mavelikara,KL,4028
1448,Mavoor,KL,4028
1449,Muluppilagadu,KL,4028
1450,Munnar,KL,4028
1451,Muvattupula,KL,4028
1452,Muvattupuzha,KL,4028
1453,Nadapuram,KL,4028
1454,Naduvannur,KL,4028
1455,Nedumangad,KL,4028
1456,Neyyattinkara,KL,4028
1457,Nileshwar,KL,4028
1458,Ottappalam,KL,4028
1459,Palackattumala,KL,4028
1460,Palakkad district,KL,4028
1461,Palghat,KL,4028
1462,Panamaram,KL,4028
1463,Pappinissheri,KL,4028
1464,Paravur Tekkumbhagam,KL,4028
1465,Pariyapuram,KL,4028
1466,Pathanamthitta,KL,4028
1467,Pattanamtitta,KL,4028
1468,Payyanur,KL,4028
1469,Perinthalmanna,KL,4028
1470,Perumbavoor,KL,4028
1471,Perumpavur,KL,4028
1472,Perya,KL,4028
1473,Piravam,KL,4028
1474,Ponmana,KL,4028
1475,Ponnani,KL,4028
1476,Punalur,KL,4028
1477,Ramamangalam,KL,4028
1478,Sharanur,KL,4028
1479,Shertallai,KL,4028
1480,Taliparamba,KL,4028
1481,Thalassery,KL,4028
1482,Thanniyam,KL,4028
1483,Thiruvananthapuram,KL,4028
1484,Thrissur,KL,4028
1485,Tirur,KL,4028
1486,Tiruvalla,KL,4028
1487,Vaikam,KL,4028
1488,Varkala,KL,4028
1489,Vatakara,KL,4028
1490,Vayalar,KL,4028
1491,Vettur,KL,4028
1492,Wayanad,KL,4028
1493,Kargil,LA,4852
1494,Leh,LA,4852
1495,Kavaratti,LD,4019
1496,Lakshadweep,LD,4019
1497,Agar,MP,4039
1498,Ajaigarh,MP,4039
1499,Akodia,MP,4039
1500,Alampur,MP,4039
1501,Alirajpur,MP,4039
1502,Alot,MP,4039
1503,Amanganj,MP,4039
1504,Amarkantak,MP,4039
1505,Amarpatan,MP,4039
1506,Amarwara,MP,4039
1507,Ambah,MP,4039
1508,Amla,MP,4039
1509,Anjad,MP,4039
1510,Antri,MP,4039
1511,Anuppur,MP,4039
1512,Aron,MP,4039
1513,Ashoknagar,MP,4039
1514,Ashta,MP,4039
1515,Babai,MP,4039
1516,Badarwas,MP,4039
1517,Badnawar,MP,4039
1518,Bagh,MP,4039
1519,Bagli,MP,4039
1520,Baihar,MP,4039
1521,Baikunthpur,MP,4039
1522,Bakshwaha,MP,4039
1523,Balaghat,MP,4039
1524,Baldeogarh,MP,4039
1525,Bamna,MP,4039
1526,Bamor Kalan,MP,4039
1527,Bamora,MP,4039
1528,Banda,MP,4039
1529,Barela,MP,4039
1530,Barghat,MP,4039
1531,Bargi,MP,4039
1532,Barhi,MP,4039
1533,Barwani,MP,4039
1534,Basoda,MP,4039
1535,Begamganj,MP,4039
1536,Beohari,MP,4039
1537,Berasia,MP,4039
1538,Betma,MP,4039
1539,Betul,MP,4039
1540,Betul Bazar,MP,4039
1541,Bhabhra,MP,4039
1542,Bhainsdehi,MP,4039
1543,Bhander,MP,4039
1544,Bhanpura,MP,4039
1545,Bhawaniganj,MP,4039
1546,Bhikangaon,MP,4039
1547,Bhind,MP,4039
1548,Bhitarwar,MP,4039
1549,Bhopal,MP,4039
1550,Biaora,MP,4039
1551,Bijawar,MP,4039
1552,Bijrauni,MP,4039
1553,Bodri,MP,4039
1554,Burhanpur,MP,4039
1555,Burhar,MP,4039
1556,Chanderi,MP,4039
1557,Chandia,MP,4039
1558,Chandla,MP,4039
1559,Chhatarpur,MP,4039
1560,Chhindwara,MP,4039
1561,Chichli,MP,4039
1562,Chorhat,MP,4039
1563,Daboh,MP,4039
1564,Dabra,MP,4039
1565,Damoh,MP,4039
1566,Datia,MP,4039
1567,Deori Khas,MP,4039
1568,Depalpur,MP,4039
1569,Dewas,MP,4039
1570,Dhamnod,MP,4039
1571,Dhana,MP,4039
1572,Dhar,MP,4039
1573,Dharampuri,MP,4039
1574,Dindori,MP,4039
1575,Etawa,MP,4039
1576,Gadarwara,MP,4039
1577,Garha Brahman,MP,4039
1578,Garhakota,MP,4039
1579,Gautampura,MP,4039
1580,Ghansor,MP,4039
1581,Gogapur,MP,4039
1582,Gohadi,MP,4039
1583,Govindgarh,MP,4039
1584,Guna,MP,4039
1585,Gurh,MP,4039
1586,Gwalior,MP,4039
1587,Harda,MP,4039
1588,Harda Khas,MP,4039
1589,Harpalpur,MP,4039
1590,Harrai,MP,4039
1591,Harsud,MP,4039
1592,Hatod,MP,4039
1593,Hatta,MP,4039
1594,Hindoria,MP,4039
1595,Hoshangabad,MP,4039
1596,Iawar,MP,4039
1597,Ichhawar,MP,4039
1598,Iklehra,MP,4039
1599,Indore,MP,4039
1600,Isagarh,MP,4039
1601,Itarsi,MP,4039
1602,Jabalpur,MP,4039
1603,Jaisinghnagar,MP,4039
1604,Jaithari,MP,4039
1605,Jamai,MP,4039
1606,Jaora,MP,4039
1607,Jatara,MP,4039
1608,Jawad,MP,4039
1609,Jhabua,MP,4039
1610,Jiran,MP,4039
1611,Jobat,MP,4039
1612,Kailaras,MP,4039
1613,Kaimori,MP,4039
1614,Kannod,MP,4039
1615,Kareli,MP,4039
1616,Karera,MP,4039
1617,Karrapur,MP,4039
1618,Kasrawad,MP,4039
1619,Katangi,MP,4039
1620,Katni,MP,4039
1621,Khachrod,MP,4039
1622,Khailar,MP,4039
1623,Khajuraho Group of Monuments,MP,4039
1624,Khamaria,MP,4039
1625,Khandwa,MP,4039
1626,Khargapur,MP,4039
1627,Khargone,MP,4039
1628,Khategaon,MP,4039
1629,Khilchipur,MP,4039
1630,Khirkiyan,MP,4039
1631,Khujner,MP,4039
1632,Khurai,MP,4039
1633,Kolaras,MP,4039
1634,Korwai,MP,4039
1635,Kotar,MP,4039
1636,Kothi,MP,4039
1637,Kotma,MP,4039
1638,Kotwa,MP,4039
1639,Kukshi,MP,4039
1640,Kumbhraj,MP,4039
1641,Lahar,MP,4039
1642,Lakhnadon,MP,4039
1643,Leteri,MP,4039
1644,Lodhikheda,MP,4039
1645,Machalpur,MP,4039
1646,Madhogarh,MP,4039
1647,Maheshwar,MP,4039
1648,Mahgawan,MP,4039
1649,Maihar,MP,4039
1650,Majholi,MP,4039
1651,Maksi,MP,4039
1652,Malhargarh,MP,4039
1653,Manasa,MP,4039
1654,Manawar,MP,4039
1655,Mandideep,MP,4039
1656,Mandla,MP,4039
1657,Mandleshwar,MP,4039
1658,Mandsaur,MP,4039
1659,Mangawan,MP,4039
1660,Manpur,MP,4039
1661,Mau,MP,4039
1662,Mauganj,MP,4039
1663,Mihona,MP,4039
1664,Mohgaon,MP,4039
1665,Morar,MP,4039
1666,Morena,MP,4039
1667,Multai,MP,4039
1668,Mundi,MP,4039
1669,Mungaoli,MP,4039
1670,Murwara,MP,4039
1671,Nagda,MP,4039
1672,Nagod,MP,4039
1673,Naigarhi,MP,4039
1674,Nainpur,MP,4039
1675,Namli,MP,4039
1676,Naraini,MP,4039
1677,Narayangarh,MP,4039
1678,Narsimhapur,MP,4039
1679,Narsinghgarh,MP,4039
1680,Narwar,MP,4039
1681,Nasrullahganj,MP,4039
1682,Neemuch,MP,4039
1683,Nepanagar,MP,4039
1684,Orchha,MP,4039
1685,Pachmarhi,MP,4039
1686,Palera,MP,4039
1687,Pali,MP,4039
1688,Panagar,MP,4039
1689,Panara,MP,4039
1690,Pandhana,MP,4039
1691,Pandhurna,MP,4039
1692,Panna,MP,4039
1693,Pansemal,MP,4039
1694,Parasia,MP,4039
1695,Patan,MP,4039
1696,Patharia,MP,4039
1697,Pawai,MP,4039
1698,Petlawad,MP,4039
1699,Piploda,MP,4039
1700,Pithampur,MP,4039
1701,Porsa,MP,4039
1702,Punasa,MP,4039
1703,Raghogarh,MP,4039
1704,Rahatgarh,MP,4039
1705,Raisen,MP,4039
1706,Rajgarh,MP,4039
1707,Rajnagar,MP,4039
1708,Rajpur,MP,4039
1709,Rampura,MP,4039
1710,Ranapur,MP,4039
1711,Ratangarh,MP,4039
1712,Ratlam,MP,4039
1713,Rehli,MP,4039
1714,Rehti,MP,4039
1715,Rewa,MP,4039
1716,Sabalgarh,MP,4039
1717,Sagar,MP,4039
1718,Sailana,MP,4039
1719,Sanawad,MP,4039
1720,Sanchi,MP,4039
1721,Sanwer,MP,4039
1722,Sarangpur,MP,4039
1723,Satna,MP,4039
1724,Satwas,MP,4039
1725,Saugor,MP,4039
1726,Sausar,MP,4039
1727,Sehore,MP,4039
1728,Sendhwa,MP,4039
1729,Seondha,MP,4039
1730,Seoni,MP,4039
1731,Seoni Malwa,MP,4039
1732,Shahdol,MP,4039
1733,Shahgarh,MP,4039
1734,Shahpur,MP,4039
1735,Shahpura,MP,4039
1736,Shajapur,MP,4039
1737,Shamgarh,MP,4039
1738,Sheopur,MP,4039
1739,Shivpuri,MP,4039
1740,Shujalpur,MP,4039
1741,Sidhi,MP,4039
1742,Sihora,MP,4039
1743,Simaria,MP,4039
1744,Singoli,MP,4039
1745,Singrauli,MP,4039
1746,Sirmaur,MP,4039
1747,Sironj,MP,4039
1748,Sitamau,MP,4039
1749,Sohagi,MP,4039
1750,Sohagpur,MP,4039
1751,Sultanpur,MP,4039
1752,Susner,MP,4039
1753,Tal,MP,4039
1754,Talen,MP,4039
1755,Tarana,MP,4039
1756,Tekanpur,MP,4039
1757,Tendukheda,MP,4039
1758,Teonthar,MP,4039
1759,Thandla,MP,4039
1760,Tikamgarh,MP,4039
1761,Tirodi,MP,4039
1762,Udaipura,MP,4039
1763,Ujjain,MP,4039
1764,Ukwa,MP,4039
1765,Umaria,MP,4039
1766,Umri,MP,4039
1767,Unhel,MP,4039
1768,Vidisha,MP,4039
1769,Waraseoni,MP,4039
1770,Achalpur,MH,4008
1771,Adawad,MH,4008
1772,Agar Panchaitan,MH,4008
1773,Aheri,MH,4008
1774,Ahmadpur,MH,4008
1775,Ahmednagar,MH,4008
1776,Airoli,MH,4008
1777,Ajara,MH,4008
1778,Akalkot,MH,4008
1779,Akluj,MH,4008
1780,Akola,MH,4008
1781,Akolner,MH,4008
1782,Akot,MH,4008
1783,Akrani,MH,4008
1784,Alandi,MH,4008
1785,Ale,MH,4008
1786,Alibag,MH,4008
1787,Alkuti,MH,4008
1788,Allapalli,MH,4008
1789,Amalner,MH,4008
1790,Amarnath,MH,4008
1791,Ambad,MH,4008
1792,Ambajogai,MH,4008
1793,Ambegaon,MH,4008
1794,Ambernath,MH,4008
1795,Amgaon,MH,4008
1796,Amravati,MH,4008
1797,Andheri,MH,4008
1798,Andura,MH,4008
1799,Anjangaon,MH,4008
1800,Anjarle,MH,4008
1801,Anshing,MH,4008
1802,Arag,MH,4008
1803,Arangaon,MH,4008
1804,Ardhapur,MH,4008
1805,Argaon,MH,4008
1806,Artist Village,MH,4008
1807,Arvi,MH,4008
1808,Ashta,MH,4008
1809,Ashti,MH,4008
1810,Asoda,MH,4008
1811,Assaye,MH,4008
1812,Astagaon,MH,4008
1813,Aundh Satara,MH,4008
1814,Aurangabad,MH,4008
1815,Ausa,MH,4008
1816,Badlapur,MH,4008
1817,Badnapur,MH,4008
1818,Badnera,MH,4008
1819,Bagewadi,MH,4008
1820,Balapur,MH,4008
1821,Balapur Akola district,MH,4008
1822,Ballalpur,MH,4008
1823,Ballard Estate,MH,4008
1824,Ballarpur,MH,4008
1825,Banda Maharashtra,MH,4008
1826,Bandra,MH,4008
1827,Baner,MH,4008
1828,Bankot,MH,4008
1829,Baramati,MH,4008
1830,Barsi,MH,4008
1831,Basmat,MH,4008
1832,Bavdhan,MH,4008
1833,Bawanbir,MH,4008
1834,Beed,MH,4008
1835,Bhadgaon Maharashtra,MH,4008
1836,Bhandara,MH,4008
1837,Bhandardara,MH,4008
1838,Bhandup,MH,4008
1839,Bhayandar,MH,4008
1840,Bhigvan,MH,4008
1841,Bhiwandi,MH,4008
1842,Bhiwapur,MH,4008
1843,Bhokar,MH,4008
1844,Bhokardan,MH,4008
1845,Bhoom,MH,4008
1846,Bhor,MH,4008
1847,Bhudgaon,MH,4008
1848,Bhugaon,MH,4008
1849,Bhusaval,MH,4008
1850,Bijur,MH,4008
1851,Bilashi,MH,4008
1852,Biloli,MH,4008
1853,Boisar,MH,4008
1854,Borgaon Manju,MH,4008
1855,Borivali,MH,4008
1856,Brahmapuri,MH,4008
1857,Breach Candy,MH,4008
1858,Buldana,MH,4008
1859,Byculla,MH,4008
1860,Chakan,MH,4008
1861,Chakur,MH,4008
1862,Chalisgaon,MH,4008
1863,Chanda,MH,4008
1864,Chandgad,MH,4008
1865,Chandor,MH,4008
1866,Chandrapur,MH,4008
1867,Chandur,MH,4008
1868,Chandur Bazar,MH,4008
1869,Chausala,MH,4008
1870,Chembur,MH,4008
1871,Chicholi,MH,4008
1872,Chichondi Patil,MH,4008
1873,Chikhli (Buldhana),MH,4008
1874,Chikhli (Jalna),MH,4008
1875,Chimur,MH,4008
1876,Chinchani,MH,4008
1877,Chinchpokli,MH,4008
1878,Chiplun,MH,4008
1879,Chopda,MH,4008
1880,Colaba,MH,4008
1881,Dabhol,MH,4008
1882,Daddi,MH,4008
1883,Dahanu,MH,4008
1884,Dahivel,MH,4008
1885,Dapoli,MH,4008
1886,Darwha,MH,4008
1887,Daryapur,MH,4008
1888,Dattapur,MH,4008
1889,Daulatabad,MH,4008
1890,Daund,MH,4008
1891,Deccan Gymkhana,MH,4008
1892,Deglur,MH,4008
1893,Dehu,MH,4008
1894,Deolali,MH,4008
1895,Deolapar,MH,4008
1896,Deoli,MH,4008
1897,Deoni,MH,4008
1898,Deulgaon Raja,MH,4008
1899,Devrukh,MH,4008
1900,Dharangaon,MH,4008
1901,Dharavi,MH,4008
1902,Dharmabad,MH,4008
1903,Dharur,MH,4008
1904,Dhawalpuri,MH,4008
1905,Dhule,MH,4008
1906,Dhulia,MH,4008
1907,Dighori,MH,4008
1908,Diglur,MH,4008
1909,Digras,MH,4008
1910,Dindori Maharashtra,MH,4008
1911,Diveagar,MH,4008
1912,Dombivli,MH,4008
1913,Dondaicha,MH,4008
1914,Dongri,MH,4008
1915,Dudhani,MH,4008
1916,Durgapur,MH,4008
1917,Durgapur Chandrapur,MH,4008
1918,Erandol,MH,4008
1919,Faizpur,MH,4008
1920,Fort,MH,4008
1921,Gadchiroli,MH,4008
1922,Gadhinglaj,MH,4008
1923,Gangakher,MH,4008
1924,Gangapur,MH,4008
1925,Ganpatipule,MH,4008
1926,Gevrai,MH,4008
1927,Ghargaon,MH,4008
1928,Ghatanji,MH,4008
1929,Ghatkopar,MH,4008
1930,Ghoti Budrukh,MH,4008
1931,Ghugus,MH,4008
1932,Girgaon,MH,4008
1933,Gondia,MH,4008
1934,Gorai,MH,4008
1935,Goregaon,MH,4008
1936,Guhagar,MH,4008
1937,Hadapsar Pune,MH,4008
1938,Hadgaon,MH,4008
1939,Halkarni,MH,4008
1940,Harangul,MH,4008
1941,Harnai,MH,4008
1942,Helwak,MH,4008
1943,Hinganghat,MH,4008
1944,Hingoli,MH,4008
1945,Hirapur,MH,4008
1946,Hirapur Hamesha,MH,4008
1947,Hotgi,MH,4008
1948,Ichalkaranji,MH,4008
1949,Igatpuri,MH,4008
1950,Indapur,MH,4008
1951,Jaisingpur,MH,4008
1952,Jaitapur,MH,4008
1953,Jakhangaon,MH,4008
1954,Jalgaon,MH,4008
1955,Jalgaon Jamod,MH,4008
1956,Jalkot,MH,4008
1957,Jalna,MH,4008
1958,Jamkhed,MH,4008
1959,Jamod,MH,4008
1960,Janephal,MH,4008
1961,Jaoli,MH,4008
1962,Jat Sangli,MH,4008
1963,Jategaon,MH,4008
1964,Jawhar,MH,4008
1965,Jaysingpur,MH,4008
1966,Jejuri,MH,4008
1967,Jintur,MH,4008
1968,Jogeshwari,MH,4008
1969,Juhu,MH,4008
1970,Junnar,MH,4008
1971,Kachurwahi,MH,4008
1972,Kadegaon,MH,4008
1973,Kadus,MH,4008
1974,Kagal,MH,4008
1975,Kaij,MH,4008
1976,Kalamb,MH,4008
1977,Kalamb Osmanabad,MH,4008
1978,Kalamboli,MH,4008
1979,Kalamnuri,MH,4008
1980,Kalas,MH,4008
1981,Kali(DK),MH,4008
1982,Kalmeshwar,MH,4008
1983,Kalundri,MH,4008
1984,Kalyan,MH,4008
1985,Kalyani Nagar,MH,4008
1986,Kamargaon,MH,4008
1987,Kamatgi,MH,4008
1988,Kamptee,MH,4008
1989,Kandri,MH,4008
1990,Kankauli,MH,4008
1991,Kankavli,MH,4008
1992,Kannad,MH,4008
1993,Karad,MH,4008
1994,Karajagi,MH,4008
1995,Karanja,MH,4008
1996,Karanja Lad,MH,4008
1997,Karjat,MH,4008
1998,Karkamb,MH,4008
1999,Karmala,MH,4008
2000,Kasara,MH,4008
2001,Kasoda,MH,4008
2002,Kati,MH,4008
2003,Katol,MH,4008
2004,Katral,MH,4008
2005,Khadki,MH,4008
2006,Khalapur,MH,4008
2007,Khallar,MH,4008
2008,Khamgaon,MH,4008
2009,Khanapur,MH,4008
2010,Khandala,MH,4008
2011,Khangaon,MH,4008
2012,Khapa,MH,4008
2013,Kharakvasla,MH,4008
2014,Kharda,MH,4008
2015,Kharghar,MH,4008
2016,Kharsundi,MH,4008
2017,Khed,MH,4008
2018,Khetia,MH,4008
2019,Khoni,MH,4008
2020,Khopoli,MH,4008
2021,Khuldabad,MH,4008
2022,Kinwat,MH,4008
2023,Kodoli,MH,4008
2024,Kolhapur,MH,4008
2025,Kondalwadi,MH,4008
2026,Kondhali,MH,4008
2027,Kopar Khairane,MH,4008
2028,Kopargaon,MH,4008
2029,Kopela,MH,4008
2030,Koradi,MH,4008
2031,Koregaon,MH,4008
2032,Koynanagar,MH,4008
2033,Kudal,MH,4008
2034,Kuhi,MH,4008
2035,Kurandvad,MH,4008
2036,Kurankhed,MH,4008
2037,Kurduvadi,MH,4008
2038,Kusumba,MH,4008
2039,Lakhandur,MH,4008
2040,Lanja,MH,4008
2041,Lasalgaon,MH,4008
2042,Latur,MH,4008
2043,Lavasa,MH,4008
2044,Lohogaon,MH,4008
2045,Lonar,MH,4008
2046,Lonavla,MH,4008
2047,Mahabaleshwar,MH,4008
2048,Mahad,MH,4008
2049,Mahape,MH,4008
2050,Mahim,MH,4008
2051,Maindargi,MH,4008
2052,Majalgaon,MH,4008
2053,Makhjan,MH,4008
2054,Malabar Hill,MH,4008
2055,Malad,MH,4008
2056,Malegaon,MH,4008
2057,Malkapur,MH,4008
2058,Malvan,MH,4008
2059,Manchar,MH,4008
2060,Mandangad,MH,4008
2061,Mandhal,MH,4008
2062,Mandwa,MH,4008
2063,Mangaon,MH,4008
2064,Mangrul Pir,MH,4008
2065,Manjlegaon,MH,4008
2066,Mankeshwar,MH,4008
2067,Mankhurd,MH,4008
2068,Manmad,MH,4008
2069,Manor,MH,4008
2070,Mansar,MH,4008
2071,Manwat,MH,4008
2072,Maregaon,MH,4008
2073,Mastiholi,MH,4008
2074,Masur India,MH,4008
2075,Matheran,MH,4008
2076,Matunga,MH,4008
2077,Mazagaon,MH,4008
2078,Mehekar,MH,4008
2079,Mehergaon,MH,4008
2080,Mehkar,MH,4008
2081,Mhasla,MH,4008
2082,Mhasvad,MH,4008
2083,Miraj,MH,4008
2084,Mohadi,MH,4008
2085,Mohol,MH,4008
2086,Mohpa,MH,4008
2087,Mokhada taluka,MH,4008
2088,Mora Maharashtra,MH,4008
2089,Moram,MH,4008
2090,Morsi,MH,4008
2091,Mowad,MH,4008
2092,Mudkhed,MH,4008
2093,Mukher,MH,4008
2094,Mul,MH,4008
2095,Mulher,MH,4008
2096,Mulund,MH,4008
2097,Mumbai,MH,4008
2098,Mumbai Suburban,MH,4008
2099,Murbad,MH,4008
2100,Murgud,MH,4008
2101,Murtajapur,MH,4008
2102,Murud (Raigad),MH,4008
2103,Murud (Ratnagiri),MH,4008
2104,Murum,MH,4008
2105,Nadgaon,MH,4008
2106,Nagapur,MH,4008
2107,Nagothana,MH,4008
2108,Nagpur,MH,4008
2109,Nagpur Division,MH,4008
2110,Nala Sopara,MH,4008
2111,Naldurg,MH,4008
2112,Nalegaon,MH,4008
2113,Nampur,MH,4008
2114,Nanded,MH,4008
2115,Nandgaon,MH,4008
2116,Nandnee,MH,4008
2117,Nandura,MH,4008
2118,Nandura Buzurg,MH,4008
2119,Nandurbar,MH,4008
2120,Narayangaon,MH,4008
2121,Nardana,MH,4008
2122,Nariman Point,MH,4008
2123,Narkhed,MH,4008
2124,Nashik,MH,4008
2125,Nashik Division,MH,4008
2126,Navapur,MH,4008
2127,Navi Mumbai,MH,4008
2128,Neral,MH,4008
2129,Nerur,MH,4008
2130,Nevasa,MH,4008
2131,Nighoj,MH,4008
2132,Nilanga,MH,4008
2133,Nipani,MH,4008
2134,Niphad,MH,4008
2135,Nira Narsingpur,MH,4008
2136,Osmanabad,MH,4008
2137,Ozar,MH,4008
2138,Pabal,MH,4008
2139,Pachora,MH,4008
2140,Pahur Maharashtra,MH,4008
2141,Paithan,MH,4008
2142,Palghar,MH,4008
2143,Pali Raigad,MH,4008
2144,Palso,MH,4008
2145,Panchgani,MH,4008
2146,Pandharpur,MH,4008
2147,Pandhurli,MH,4008
2148,Panhala,MH,4008
2149,Panvel,MH,4008
2150,Parbhani,MH,4008
2151,Parel,MH,4008
2152,Parli Vaijnath,MH,4008
2153,Parner,MH,4008
2154,Parola,MH,4008
2155,Parseoni,MH,4008
2156,Partur,MH,4008
2157,Patan,MH,4008
2158,Pathardi,MH,4008
2159,Pathri,MH,4008
2160,Patur,MH,4008
2161,Paturda,MH,4008
2162,Paud,MH,4008
2163,Pauni,MH,4008
2164,Pawni,MH,4008
2165,Pedgaon,MH,4008
2166,Peint,MH,4008
2167,Pen,MH,4008
2168,Phaltan,MH,4008
2169,Phulambri,MH,4008
2170,Piliv,MH,4008
2171,Pimpalgaon Baswant,MH,4008
2172,Pimpalgaon Raja,MH,4008
2173,Pimpri,MH,4008
2174,Pimpri-Chinchwad,MH,4008
2175,Pipri,MH,4008
2176,Powai,MH,4008
2177,Prabhadevi,MH,4008
2178,Prakasha,MH,4008
2179,Pulgaon,MH,4008
2180,Pune,MH,4008
2181,Pune Division,MH,4008
2182,Puntamba,MH,4008
2183,Pural,MH,4008
2184,Purna,MH,4008
2185,Pusad,MH,4008
2186,Radhanagari,MH,4008
2187,Rahata,MH,4008
2188,Rahimatpur,MH,4008
2189,Rahuri,MH,4008
2190,Raigarh,MH,4008
2191,Raireshwar,MH,4008
2192,Rajapur,MH,4008
2193,Rajgurunagar,MH,4008
2194,Rajur,MH,4008
2195,Rajura,MH,4008
2196,Ralegaon,MH,4008
2197,Ramewadi,MH,4008
2198,Ramtek,MH,4008
2199,Ratnagiri,MH,4008
2200,Raver,MH,4008
2201,Renapur,MH,4008
2202,Renavi,MH,4008
2203,Revadanda,MH,4008
2204,Revdanda,MH,4008
2205,Risod,MH,4008
2206,Roha,MH,4008
2207,Sailu,MH,4008
2208,Sakol,MH,4008
2209,Sakoli,MH,4008
2210,Sakri,MH,4008
2211,Samudrapur,MH,4008
2212,Sangameshwar,MH,4008
2213,Sangamner,MH,4008
2214,Sangli,MH,4008
2215,Sangola,MH,4008
2216,Sangrampur Maharashtra,MH,4008
2217,Saoli,MH,4008
2218,Saoner,MH,4008
2219,Sarangkheda,MH,4008
2220,Saswad,MH,4008
2221,Satana,MH,4008
2222,Satara,MH,4008
2223,Satara Division,MH,4008
2224,Satpati,MH,4008
2225,Savantvadi,MH,4008
2226,Savda,MH,4008
2227,Savlaj,MH,4008
2228,Sawantvadi,MH,4008
2229,Selu,MH,4008
2230,Sevagram,MH,4008
2231,Sewri,MH,4008
2232,Shahada,MH,4008
2233,Shahapur,MH,4008
2234,Shedbal,MH,4008
2235,Shegaon,MH,4008
2236,Shevgaon,MH,4008
2237,Shikrapur,MH,4008
2238,Shiraguppi,MH,4008
2239,Shirala,MH,4008
2240,Shirdi,MH,4008
2241,Shirgaon,MH,4008
2242,Shirol,MH,4008
2243,Shirpur,MH,4008
2244,Shirud,MH,4008
2245,Shirwal,MH,4008
2246,Shivaji Nagar,MH,4008
2247,Shrigonda,MH,4008
2248,Sillod,MH,4008
2249,Sindewahi,MH,4008
2250,Sindhudurg,MH,4008
2251,Sindi,MH,4008
2252,Sindkheda,MH,4008
2253,Sinnar,MH,4008
2254,Sion Mumbai,MH,4008
2255,Sironcha,MH,4008
2256,Sirur,MH,4008
2257,Sivala East Godavari district,MH,4008
2258,Solapur,MH,4008
2259,Sonala,MH,4008
2260,Sonegaon,MH,4008
2261,Songir,MH,4008
2262,Sonvad,MH,4008
2263,Soygaon,MH,4008
2264,Srivardhan,MH,4008
2265,Surgana,MH,4008
2266,Taklibhan,MH,4008
2267,Talbid,MH,4008
2268,Talegaon Dabhade,MH,4008
2269,Talegaon Dhamdhere,MH,4008
2270,Taloda,MH,4008
2271,Talode,MH,4008
2272,Tarapur,MH,4008
2273,Tardeo,MH,4008
2274,Tasgaon,MH,4008
2275,Telhara,MH,4008
2276,Thalner,MH,4008
2277,Thane,MH,4008
2278,Trimbak,MH,4008
2279,Trombay,MH,4008
2280,Tuljapur,MH,4008
2281,Tumsar,MH,4008
2282,Udgir,MH,4008
2283,Ulhasnagar,MH,4008
2284,Umarga,MH,4008
2285,Umarkhed,MH,4008
2286,Umred,MH,4008
2287,Uran,MH,4008
2288,Uruli Kanchan,MH,4008
2289,Vada,MH,4008
2290,Vadgaon,MH,4008
2291,Vadner,MH,4008
2292,Vaijapur,MH,4008
2293,Vairag,MH,4008
2294,Valsang,MH,4008
2295,Vangaon,MH,4008
2296,Varangaon,MH,4008
2297,Vashi,MH,4008
2298,Vasind,MH,4008
2299,Vatul,MH,4008
2300,Velas Maharashtra,MH,4008
2301,Velneshwar,MH,4008
2302,Vengurla,MH,4008
2303,Vijaydurg,MH,4008
2304,Vikhroli,MH,4008
2305,Vile Parle,MH,4008
2306,Vinchur,MH,4008
2307,Virar,MH,4008
2308,Vita Maharashtra,MH,4008
2309,Vite,MH,4008
2310,Wadala,MH,4008
2311,Wadgaon,MH,4008
2312,Wadner,MH,4008
2313,Wadwani,MH,4008
2314,Wagholi,MH,4008
2315,Wai,MH,4008
2316,Wakad,MH,4008
2317,Walgaon,MH,4008
2318,Walki,MH,4008
2319,Wani,MH,4008
2320,Wardha,MH,4008
2321,Warora,MH,4008
2322,Warud,MH,4008
2323,Washim,MH,4008
2324,Worli,MH,4008
2325,Yaval,MH,4008
2326,Yavatmal,MH,4008
2327,Yeola,MH,4008
2328,Bishnupur,MN,4010
2329,Chandel,MN,4010
2330,Churachandpur,MN,4010
2331,Imphal East,MN,4010
2332,Imphal West,MN,4010
2333,Jiribam,MN,4010
2334,Kakching,MN,4010
2335,Kamjong,MN,4010
2336,Kangpokpi,MN,4010
2337,Noney,MN,4010
2338,Pherzawl,MN,4010
2339,Senapati,MN,4010
2340,Tamenglong,MN,4010
2341,Tengnoupal,MN,4010
2342,Thoubal,MN,4010
2343,Ukhrul,MN,4010
2344,Cherrapunji,ML,4006
2345,East Garo Hills,ML,4006
2346,East Jaintia Hills,ML,4006
2347,East Khasi Hills,ML,4006
2348,Mairang,ML,4006
2349,Mankachar,ML,4006
2350,Nongpoh,ML,4006
2351,Nongstoin,ML,4006
2352,North Garo Hills,ML,4006
2353,Ri-Bhoi,ML,4006
2354,Shillong,ML,4006
2355,South Garo Hills,ML,4006
2356,South West Garo Hills,ML,4006
2357,South West Khasi Hills,ML,4006
2358,Tura,ML,4006
2359,West Garo Hills,ML,4006
2360,West Jaintia Hills,ML,4006
2361,West Khasi Hills,ML,4006
2362,Aizawl,MZ,4036
2363,Champhai,MZ,4036
2364,Darlawn,MZ,4036
2365,Khawhai,MZ,4036
2366,Kolasib,MZ,4036
2367,Lawngtlai,MZ,4036
2368,Lunglei,MZ,4036
2369,Mamit,MZ,4036
2370,North Vanlaiphai,MZ,4036
2371,Saiha,MZ,4036
2372,Sairang,MZ,4036
2373,Saitlaw,MZ,4036
2374,Serchhip,MZ,4036
2375,Thenzawl,MZ,4036
2376,Dimapur,NL,4018
2377,Kohima,NL,4018
2378,Mokokchung,NL,4018
2379,Mon,NL,4018
2380,Peren,NL,4018
2381,Phek,NL,4018
2382,Tuensang,NL,4018
2383,Tuensang District,NL,4018
2384,Wokha,NL,4018
2385,Zunheboto,NL,4018
2386,Angul,OR,4013
2387,Angul District,OR,4013
2388,Asika,OR,4013
2389,Athagarh,OR,4013
2390,Bada Barabil,OR,4013
2391,Balangir,OR,4013
2392,Balasore,OR,4013
2393,Baleshwar,OR,4013
2394,Balimila,OR,4013
2395,Balugaon,OR,4013
2396,Banapur,OR,4013
2397,Banki,OR,4013
2398,Banposh,OR,4013
2399,Baragarh,OR,4013
2400,Barbil,OR,4013
2401,Bargarh,OR,4013
2402,Barpali,OR,4013
2403,Basudebpur,OR,4013
2404,Baud,OR,4013
2405,Baudh,OR,4013
2406,Belaguntha,OR,4013
2407,Bhadrak,OR,4013
2408,Bhadrakh,OR,4013
2409,Bhanjanagar,OR,4013
2410,Bhawanipatna,OR,4013
2411,Bhuban,OR,4013
2412,Bhubaneswar,OR,4013
2413,Binka,OR,4013
2414,Birmitrapur,OR,4013
2415,Bolanikhodan,OR,4013
2416,Brahmapur,OR,4013
2417,Brajarajnagar,OR,4013
2418,Buguda,OR,4013
2419,Burla,OR,4013
2420,Champua,OR,4013
2421,Chandbali,OR,4013
2422,Chatrapur,OR,4013
2423,Chikitigarh,OR,4013
2424,Chittarkonda,OR,4013
2425,Cuttack,OR,4013
2426,Daitari,OR,4013
2427,Deogarh,OR,4013
2428,Dhenkanal,OR,4013
2429,Digapahandi,OR,4013
2430,Gajapati,OR,4013
2431,Ganjam,OR,4013
2432,Gopalpur,OR,4013
2433,Gudari,OR,4013
2434,Gunupur,OR,4013
2435,Hinjilikatu,OR,4013
2436,Hirakud,OR,4013
2437,Jagatsinghpur,OR,4013
2438,Jajpur,OR,4013
2439,Jaleshwar,OR,4013
2440,Jatani,OR,4013
2441,Jeypore,OR,4013
2442,Jharsuguda,OR,4013
2443,Jharsuguda District,OR,4013
2444,Kaintragarh,OR,4013
2445,Kalahandi,OR,4013
2446,Kamakhyanagar,OR,4013
2447,Kandhamal,OR,4013
2448,Kantabanji,OR,4013
2449,Kantilo,OR,4013
2450,Kendrapara,OR,4013
2451,Kendujhar,OR,4013
2452,Kesinga,OR,4013
2453,Khallikot,OR,4013
2454,Kharhial,OR,4013
2455,Khordha,OR,4013
2456,Khurda,OR,4013
2457,Kiri Buru,OR,4013
2458,Kodala,OR,4013
2459,Konarka,OR,4013
2460,Koraput,OR,4013
2461,Kuchaiburi,OR,4013
2462,Kuchinda,OR,4013
2463,Malkangiri,OR,4013
2464,Mayurbhanj,OR,4013
2465,Nabarangpur,OR,4013
2466,Nayagarh,OR,4013
2467,Nayagarh District,OR,4013
2468,Nilgiri,OR,4013
2469,Nimaparha,OR,4013
2470,Nowrangapur,OR,4013
2471,Nuapada,OR,4013
2472,Padampur,OR,4013
2473,Paradip Garh,OR,4013
2474,Patamundai,OR,4013
2475,Patnagarh,OR,4013
2476,Phulbani,OR,4013
2477,Pipili,OR,4013
2478,Polasara,OR,4013
2479,Puri,OR,4013
2480,Purushottampur,OR,4013
2481,Rambha,OR,4013
2482,Raurkela,OR,4013
2483,Rayagada,OR,4013
2484,Remuna,OR,4013
2485,Rengali,OR,4013
2486,Sambalpur,OR,4013
2487,Sonepur,OR,4013
2488,Sorada,OR,4013
2489,Soro,OR,4013
2490,Subarnapur,OR,4013
2491,Sundargarh,OR,4013
2492,Talcher,OR,4013
2493,Tarabha,OR,4013
2494,Titlagarh,OR,4013
2495,Udayagiri,OR,4013
2496,Karaikal,PY,4011
2497,Mahe,PY,4011
2498,Puducherry,PY,4011
2499,Yanam,PY,4011
2500,Abohar,PB,4015
2501,Adampur,PB,4015
2502,Ajitgarh,PB,4015
2503,Ajnala,PB,4015
2504,Akalgarh,PB,4015
2505,Alawalpur,PB,4015
2506,Amloh,PB,4015
2507,Amritsar,PB,4015
2508,Anandpur Sahib,PB,4015
2509,Badhni Kalan,PB,4015
2510,Bagha Purana,PB,4015
2511,Bakloh,PB,4015
2512,Balachor,PB,4015
2513,Banga,PB,4015
2514,Banur,PB,4015
2515,Barnala,PB,4015
2516,Batala,PB,4015
2517,Begowal,PB,4015
2518,Bhadaur,PB,4015
2519,Bhatinda,PB,4015
2520,Bhawanigarh,PB,4015
2521,Bhikhi,PB,4015
2522,Bhogpur,PB,4015
2523,Bholath,PB,4015
2524,Budhlada,PB,4015
2525,Chima,PB,4015
2526,Dasuya,PB,4015
2527,Dera Baba Nanak,PB,4015
2528,Dera Bassi,PB,4015
2529,Dhanaula,PB,4015
2530,Dhariwal,PB,4015
2531,Dhilwan,PB,4015
2532,Dhudi,PB,4015
2533,Dhuri,PB,4015
2534,Dina Nagar,PB,4015
2535,Dirba,PB,4015
2536,Doraha,PB,4015
2537,Faridkot,PB,4015
2538,Fatehgarh Churian,PB,4015
2539,Fatehgarh Sahib,PB,4015
2540,Fazilka,PB,4015
2541,Firozpur,PB,4015
2542,Firozpur District,PB,4015
2543,Gardhiwala,PB,4015
2544,Garhshankar,PB,4015
2545,Ghanaur,PB,4015
2546,Giddarbaha,PB,4015
2547,Gurdaspur,PB,4015
2548,Guru Har Sahai,PB,4015
2549,Hajipur,PB,4015
2550,Hariana,PB,4015
2551,Hoshiarpur,PB,4015
2552,Ishanpur,PB,4015
2553,Jagraon,PB,4015
2554,Jaito,PB,4015
2555,Jalalabad,PB,4015
2556,Jalandhar,PB,4015
2557,Jandiala,PB,4015
2558,Jandiala Guru,PB,4015
2559,Kalanaur,PB,4015
2560,Kapurthala,PB,4015
2561,Kartarpur,PB,4015
2562,Khamanon,PB,4015
2563,Khanna,PB,4015
2564,Kharar,PB,4015
2565,Khemkaran,PB,4015
2566,Kot Isa Khan,PB,4015
2567,Kotkapura,PB,4015
2568,Laungowal,PB,4015
2569,Ludhiana,PB,4015
2570,Machhiwara,PB,4015
2571,Majitha,PB,4015
2572,Makhu,PB,4015
2573,Malaut,PB,4015
2574,Malerkotla,PB,4015
2575,Mansa,PB,4015
2576,Maur Mandi,PB,4015
2577,Moga,PB,4015
2578,Mohali,PB,4015
2579,Morinda,PB,4015
2580,Mukerian,PB,4015
2581,Nabha,PB,4015
2582,Nakodar,PB,4015
2583,Nangal,PB,4015
2584,Nawanshahr,PB,4015
2585,Nurmahal,PB,4015
2586,Nurpur Kalan,PB,4015
2587,Pathankot,PB,4015
2588,Patiala,PB,4015
2589,Patti,PB,4015
2590,Phagwara,PB,4015
2591,Phillaur,PB,4015
2592,Qadian,PB,4015
2593,Rahon,PB,4015
2594,Raikot,PB,4015
2595,Rajasansi,PB,4015
2596,Rajpura,PB,4015
2597,Ram Das,PB,4015
2598,Rampura,PB,4015
2599,Rupnagar,PB,4015
2600,Samrala,PB,4015
2601,Sanaur,PB,4015
2602,Sangrur,PB,4015
2603,Sardulgarh,PB,4015
2604,Shahid Bhagat Singh Nagar,PB,4015
2605,Shahkot,PB,4015
2606,Sham Churasi,PB,4015
2607,Sirhind-Fategarh,PB,4015
2608,Sri Muktsar Sahib,PB,4015
2609,Sultanpur Lodhi,PB,4015
2610,Sunam,PB,4015
2611,Talwandi Bhai,PB,4015
2612,Talwara,PB,4015
2613,Tarn Taran Sahib,PB,4015
2614,Zira,PB,4015
2615,Abhaneri,RJ,4014
2616,Abu,RJ,4014
2617,Abu Road,RJ,4014
2618,Ajmer,RJ,4014
2619,Aklera,RJ,4014
2620,Alwar,RJ,4014
2621,Amet,RJ,4014
2622,Anta,RJ,4014
2623,Anupgarh,RJ,4014
2624,Asind,RJ,4014
2625,Bagar,RJ,4014
2626,Bakani,RJ,4014
2627,Bali,RJ,4014
2628,Balotra,RJ,4014
2629,Bandikui,RJ,4014
2630,Banswara,RJ,4014
2631,Baran,RJ,4014
2632,Bari,RJ,4014
2633,Bari Sadri,RJ,4014
2634,Barmer,RJ,4014
2635,Basi,RJ,4014
2636,Basni,RJ,4014
2637,Baswa,RJ,4014
2638,Bayana,RJ,4014
2639,Beawar,RJ,4014
2640,Begun,RJ,4014
2641,Behror,RJ,4014
2642,Bhadasar,RJ,4014
2643,Bhadra,RJ,4014
2644,Bharatpur,RJ,4014
2645,Bhasawar,RJ,4014
2646,Bhilwara,RJ,4014
2647,Bhindar,RJ,4014
2648,Bhinmal,RJ,4014
2649,Bhiwadi,RJ,4014
2650,Bhuma,RJ,4014
2651,Bikaner,RJ,4014
2652,Bilara,RJ,4014
2653,Bissau,RJ,4014
2654,Borkhera,RJ,4014
2655,Bundi,RJ,4014
2656,Chaksu,RJ,4014
2657,Chechat,RJ,4014
2658,Chhabra,RJ,4014
2659,Chhapar,RJ,4014
2660,Chhoti Sadri,RJ,4014
2661,Chidawa,RJ,4014
2662,Chittaurgarh,RJ,4014
2663,Churu,RJ,4014
2664,Dariba,RJ,4014
2665,Dausa,RJ,4014
2666,Deoli,RJ,4014
2667,Deshnoke,RJ,4014
2668,Devgarh,RJ,4014
2669,Dhaulpur,RJ,4014
2670,Didwana,RJ,4014
2671,Dig,RJ,4014
2672,Dungarpur,RJ,4014
2673,Fatehpur,RJ,4014
2674,Galiakot,RJ,4014
2675,Ganganagar,RJ,4014
2676,Gangapur,RJ,4014
2677,Govindgarh,RJ,4014
2678,Gulabpura,RJ,4014
2679,Hanumangarh,RJ,4014
2680,Hindaun,RJ,4014
2681,Jahazpur,RJ,4014
2682,Jaipur,RJ,4014
2683,Jaisalmer,RJ,4014
2684,Jaitaran,RJ,4014
2685,Jalor,RJ,4014
2686,Jalore,RJ,4014
2687,Jhalawar,RJ,4014
2688,Jhalrapatan,RJ,4014
2689,Jhunjhunun,RJ,4014
2690,Jobner,RJ,4014
2691,Jodhpur,RJ,4014
2692,Kaman,RJ,4014
2693,Kanor,RJ,4014
2694,Kapren,RJ,4014
2695,Karanpur,RJ,4014
2696,Karauli,RJ,4014
2697,Kekri,RJ,4014
2698,Keshorai Patan,RJ,4014
2699,Khandela,RJ,4014
2700,Khanpur,RJ,4014
2701,Khetri,RJ,4014
2702,Kishangarh,RJ,4014
2703,Kota,RJ,4014
2704,Kotputli,RJ,4014
2705,Kuchaman,RJ,4014
2706,Kuchera,RJ,4014
2707,Kumher,RJ,4014
2708,Kushalgarh,RJ,4014
2709,Lachhmangarh Sikar,RJ,4014
2710,Ladnun,RJ,4014
2711,Lakheri,RJ,4014
2712,Lalsot,RJ,4014
2713,Losal,RJ,4014
2714,Mahwah,RJ,4014
2715,Makrana,RJ,4014
2716,Malpura,RJ,4014
2717,Mandal,RJ,4014
2718,Mandalgarh,RJ,4014
2719,Mandawar,RJ,4014
2720,Mangrol,RJ,4014
2721,Manohar Thana,RJ,4014
2722,Manoharpur,RJ,4014
2723,Meethari Marwar,RJ,4014
2724,Merta,RJ,4014
2725,Mundwa,RJ,4014
2726,Nadbai,RJ,4014
2727,Nagar,RJ,4014
2728,Nagaur,RJ,4014
2729,Nainwa,RJ,4014
2730,Napasar,RJ,4014
2731,Naraina,RJ,4014
2732,Nasirabad,RJ,4014
2733,Nathdwara,RJ,4014
2734,Nawa,RJ,4014
2735,Nawalgarh,RJ,4014
2736,Neem ka Thana,RJ,4014
2737,Nimaj,RJ,4014
2738,Nimbahera,RJ,4014
2739,Niwai,RJ,4014
2740,Nohar,RJ,4014
2741,Nokha,RJ,4014
2742,Padampur,RJ,4014
2743,Pali,RJ,4014
2744,Partapur,RJ,4014
2745,Parvatsar,RJ,4014
2746,Phalodi,RJ,4014
2747,Phulera,RJ,4014
2748,Pilani,RJ,4014
2749,Pilibangan,RJ,4014
2750,Pindwara,RJ,4014
2751,Pipar,RJ,4014
2752,Pirawa,RJ,4014
2753,Pokaran,RJ,4014
2754,Pratapgarh,RJ,4014
2755,Pushkar,RJ,4014
2756,Raipur,RJ,4014
2757,Raisinghnagar,RJ,4014
2758,Rajakhera,RJ,4014
2759,Rajaldesar,RJ,4014
2760,Rajgarh,RJ,4014
2761,Rajsamand,RJ,4014
2762,Ramganj Mandi,RJ,4014
2763,Ramgarh,RJ,4014
2764,Rani,RJ,4014
2765,Ratangarh,RJ,4014
2766,Rawatbhata,RJ,4014
2767,Rawatsar,RJ,4014
2768,Ringas,RJ,4014
2769,Sadri,RJ,4014
2770,Salumbar,RJ,4014
2771,Sambhar,RJ,4014
2772,Samdari,RJ,4014
2773,Sanchor,RJ,4014
2774,Sangaria,RJ,4014
2775,Sangod,RJ,4014
2776,Sardarshahr,RJ,4014
2777,Sarwar,RJ,4014
2778,Sawai Madhopur,RJ,4014
2779,Shahpura,RJ,4014
2780,Sheoganj,RJ,4014
2781,Sikar,RJ,4014
2782,Sirohi,RJ,4014
2783,Siwana,RJ,4014
2784,Sojat,RJ,4014
2785,Sri Dungargarh,RJ,4014
2786,Sri Madhopur,RJ,4014
2787,Sujangarh,RJ,4014
2788,Suket,RJ,4014
2789,Sunel,RJ,4014
2790,Surajgarh,RJ,4014
2791,Suratgarh,RJ,4014
2792,Takhatgarh,RJ,4014
2793,Taranagar,RJ,4014
2794,Tijara,RJ,4014
2795,Todabhim,RJ,4014
2796,Todaraisingh,RJ,4014
2797,Tonk,RJ,4014
2798,Udaipur,RJ,4014
2799,Udpura,RJ,4014
2800,Uniara,RJ,4014
2801,Wer,RJ,4014
2802,East District,SK,4034
2803,Gangtok,SK,4034
2804,Gyalshing,SK,4034
2805,Jorethang,SK,4034
2806,Mangan,SK,4034
2807,Namchi,SK,4034
2808,Naya Bazar,SK,4034
2809,North District,SK,4034
2810,Rangpo,SK,4034
2811,Singtam,SK,4034
2812,South District,SK,4034
2813,West District,SK,4034
2814,Abiramam,TN,4035
2815,Adirampattinam,TN,4035
2816,Aduthurai,TN,4035
2817,Alagapuram,TN,4035
2818,Alandur,TN,4035
2819,Alanganallur,TN,4035
2820,Alangayam,TN,4035
2821,Alangudi,TN,4035
2822,Alangulam,TN,4035
2823,Alappakkam,TN,4035
2824,Alwa Tirunagari,TN,4035
2825,Ambasamudram,TN,4035
2826,Ambattur,TN,4035
2827,Ambur,TN,4035
2828,Ammapettai,TN,4035
2829,Anamalais,TN,4035
2830,Andippatti,TN,4035
2831,Annamalainagar,TN,4035
2832,Annavasal,TN,4035
2833,Annur,TN,4035
2834,Anthiyur,TN,4035
2835,Arakkonam,TN,4035
2836,Arantangi,TN,4035
2837,Arcot,TN,4035
2838,Arimalam,TN,4035
2839,Ariyalur,TN,4035
2840,Arni,TN,4035
2841,Arumbavur,TN,4035
2842,Arumuganeri,TN,4035
2843,Aruppukkottai,TN,4035
2844,Aruvankad,TN,4035
2845,Attayyampatti,TN,4035
2846,Attur,TN,4035
2847,Auroville,TN,4035
2848,Avadi,TN,4035
2849,Avinashi,TN,4035
2850,Ayakudi,TN,4035
2851,Ayyampettai,TN,4035
2852,Belur,TN,4035
2853,Bhavani,TN,4035
2854,Bodinayakkanur,TN,4035
2855,Chengam,TN,4035
2856,Chennai,TN,4035
2857,Chennimalai,TN,4035
2858,Chetput,TN,4035
2859,Chettipalaiyam,TN,4035
2860,Cheyyar,TN,4035
2861,Cheyyur,TN,4035
2862,Chidambaram,TN,4035
2863,Chingleput,TN,4035
2864,Chinna Salem,TN,4035
2865,Chinnamanur,TN,4035
2866,Chinnasekkadu,TN,4035
2867,Cholapuram,TN,4035
2868,Coimbatore,TN,4035
2869,Colachel,TN,4035
2870,Cuddalore,TN,4035
2871,Cumbum,TN,4035
2872,Denkanikota,TN,4035
2873,Desur,TN,4035
2874,Devadanappatti,TN,4035
2875,Devakottai,TN,4035
2876,Dhali,TN,4035
2877,Dharapuram,TN,4035
2878,Dharmapuri,TN,4035
2879,Dindigul,TN,4035
2880,Dusi,TN,4035
2881,Elayirampannai,TN,4035
2882,Elumalai,TN,4035
2883,Eral,TN,4035
2884,Eraniel,TN,4035
2885,Erode,TN,4035
2886,Erumaippatti,TN,4035
2887,Ettaiyapuram,TN,4035
2888,Gandhi Nagar,TN,4035
2889,Gangaikondan,TN,4035
2890,Gangavalli,TN,4035
2891,Gingee,TN,4035
2892,Gobichettipalayam,TN,4035
2893,Gudalur,TN,4035
2894,Gudiyatham,TN,4035
2895,Guduvancheri,TN,4035
2896,Gummidipundi,TN,4035
2897,Harur,TN,4035
2898,Hosur,TN,4035
2899,Idappadi,TN,4035
2900,Ilampillai,TN,4035
2901,Iluppur,TN,4035
2902,Injambakkam,TN,4035
2903,Irugur,TN,4035
2904,Jalakandapuram,TN,4035
2905,Jalarpet,TN,4035
2906,Jayamkondacholapuram,TN,4035
2907,Kadambur,TN,4035
2908,Kadayanallur,TN,4035
2909,Kalakkadu,TN,4035
2910,Kalavai,TN,4035
2911,Kallakkurichchi,TN,4035
2912,Kallidaikurichi,TN,4035
2913,Kallupatti,TN,4035
2914,Kalugumalai,TN,4035
2915,Kamuthi,TN,4035
2916,Kanadukattan,TN,4035
2917,Kancheepuram,TN,4035
2918,Kanchipuram,TN,4035
2919,Kangayam,TN,4035
2920,Kanniyakumari,TN,4035
2921,Karaikkudi,TN,4035
2922,Karamadai,TN,4035
2923,Karambakkudi,TN,4035
2924,Kariapatti,TN,4035
2925,Karumbakkam,TN,4035
2926,Karur,TN,4035
2927,Katpadi,TN,4035
2928,Kattivakkam,TN,4035
2929,Kattupputtur,TN,4035
2930,Kaveripatnam,TN,4035
2931,Kayalpattinam,TN,4035
2932,Kayattar,TN,4035
2933,Keelakarai,TN,4035
2934,Kelamangalam,TN,4035
2935,Kil Bhuvanagiri,TN,4035
2936,Kilvelur,TN,4035
2937,Kiranur,TN,4035
2938,Kodaikanal,TN,4035
2939,Kodumudi,TN,4035
2940,Kombai,TN,4035
2941,Konganapuram,TN,4035
2942,Koothanallur,TN,4035
2943,Koradachcheri,TN,4035
2944,Korampallam,TN,4035
2945,Kotagiri,TN,4035
2946,Kottaiyur,TN,4035
2947,Kovilpatti,TN,4035
2948,Krishnagiri,TN,4035
2949,Kulattur,TN,4035
2950,Kulittalai,TN,4035
2951,Kumaralingam,TN,4035
2952,Kumbakonam,TN,4035
2953,Kunnattur,TN,4035
2954,Kurinjippadi,TN,4035
2955,Kuttalam,TN,4035
2956,Kuzhithurai,TN,4035
2957,Lalgudi,TN,4035
2958,Madambakkam,TN,4035
2959,Madipakkam,TN,4035
2960,Madukkarai,TN,4035
2961,Madukkur,TN,4035
2962,Madurai,TN,4035
2963,Madurantakam,TN,4035
2964,Mallapuram,TN,4035
2965,Mallasamudram,TN,4035
2966,Mallur,TN,4035
2967,Manali,TN,4035
2968,Manalurpettai,TN,4035
2969,Manamadurai,TN,4035
2970,Manappakkam,TN,4035
2971,Manapparai,TN,4035
2972,Manavalakurichi,TN,4035
2973,Mandapam,TN,4035
2974,Mangalam,TN,4035
2975,Mannargudi,TN,4035
2976,Marakkanam,TN,4035
2977,Marandahalli,TN,4035
2978,Masinigudi,TN,4035
2979,Mattur,TN,4035
2980,Mayiladuthurai,TN,4035
2981,Melur,TN,4035
2982,Mettuppalaiyam,TN,4035
2983,Mettur,TN,4035
2984,Minjur,TN,4035
2985,Mohanur,TN,4035
2986,Mudukulattur,TN,4035
2987,Mulanur,TN,4035
2988,Musiri,TN,4035
2989,Muttupet,TN,4035
2990,Naduvattam,TN,4035
2991,Nagapattinam,TN,4035
2992,Nagercoil,TN,4035
2993,Namagiripettai,TN,4035
2994,Namakkal,TN,4035
2995,Nambiyur,TN,4035
2996,Nambutalai,TN,4035
2997,Nandambakkam,TN,4035
2998,Nangavalli,TN,4035
2999,Nangilickondan,TN,4035
3000,Nanguneri,TN,4035
3001,Nannilam,TN,4035
3002,Naravarikuppam,TN,4035
3003,Nattam,TN,4035
3004,Nattarasankottai,TN,4035
3005,Needamangalam,TN,4035
3006,Neelankarai,TN,4035
3007,Negapatam,TN,4035
3008,Nellikkuppam,TN,4035
3009,Nilakottai,TN,4035
3010,Nilgiris,TN,4035
3011,Odugattur,TN,4035
3012,Omalur,TN,4035
3013,Ooty,TN,4035
3014,Padmanabhapuram,TN,4035
3015,Palakkodu,TN,4035
3016,Palamedu,TN,4035
3017,Palani,TN,4035
3018,Palavakkam,TN,4035
3019,Palladam,TN,4035
3020,Pallappatti,TN,4035
3021,Pallattur,TN,4035
3022,Pallavaram,TN,4035
3023,Pallikondai,TN,4035
3024,Pallipattu,TN,4035
3025,Pallippatti,TN,4035
3026,Panruti,TN,4035
3027,Papanasam,TN,4035
3028,Papireddippatti,TN,4035
3029,Papparappatti,TN,4035
3030,Paramagudi,TN,4035
3031,Pattukkottai,TN,4035
3032,Pennadam,TN,4035
3033,Pennagaram,TN,4035
3034,Pennathur,TN,4035
3035,Peraiyur,TN,4035
3036,Perambalur,TN,4035
3037,Peranamallur,TN,4035
3038,Peranampattu,TN,4035
3039,Peravurani,TN,4035
3040,Periyakulam,TN,4035
3041,Periyanayakkanpalaiyam,TN,4035
3042,Periyanegamam,TN,4035
3043,Periyapatti,TN,4035
3044,Periyapattinam,TN,4035
3045,Perundurai,TN,4035
3046,Perungudi,TN,4035
3047,Perur,TN,4035
3048,Pollachi,TN,4035
3049,Polur,TN,4035
3050,Ponnamaravati,TN,4035
3051,Ponneri,TN,4035
3052,Poonamalle,TN,4035
3053,Porur,TN,4035
3054,Pudukkottai,TN,4035
3055,Puduppatti,TN,4035
3056,Pudur,TN,4035
3057,Puduvayal,TN,4035
3058,Puliyangudi,TN,4035
3059,Puliyur,TN,4035
3060,Pullambadi,TN,4035
3061,Punjai Puliyampatti,TN,4035
3062,Rajapalaiyam,TN,4035
3063,Ramanathapuram,TN,4035
3064,Rameswaram,TN,4035
3065,Ranipet,TN,4035
3066,Rasipuram,TN,4035
3067,Saint Thomas Mount,TN,4035
3068,Salem,TN,4035
3069,Sathankulam,TN,4035
3070,Sathyamangalam,TN,4035
3071,Sattur,TN,4035
3072,Sayalkudi,TN,4035
3073,Seven Pagodas,TN,4035
3074,Sholinghur,TN,4035
3075,Singanallur,TN,4035
3076,Singapperumalkovil,TN,4035
3077,Sirkazhi,TN,4035
3078,Sirumugai,TN,4035
3079,Sivaganga,TN,4035
3080,Sivagiri,TN,4035
3081,Sivakasi,TN,4035
3082,Srimushnam,TN,4035
3083,Sriperumbudur,TN,4035
3084,Srivaikuntam,TN,4035
3085,Srivilliputhur,TN,4035
3086,Suchindram,TN,4035
3087,Sulur,TN,4035
3088,Surandai,TN,4035
3089,Swamimalai,TN,4035
3090,Tambaram,TN,4035
3091,Tanjore,TN,4035
3092,Taramangalam,TN,4035
3093,Tattayyangarpettai,TN,4035
3094,Thanjavur,TN,4035
3095,Tharangambadi,TN,4035
3096,Theni,TN,4035
3097,Thenkasi,TN,4035
3098,Thirukattupalli,TN,4035
3099,Thiruthani,TN,4035
3100,Thiruvaiyaru,TN,4035
3101,Thiruvallur,TN,4035
3102,Thiruvarur,TN,4035
3103,Thiruvidaimaruthur,TN,4035
3104,Thoothukudi,TN,4035
3105,Tindivanam,TN,4035
3106,Tinnanur,TN,4035
3107,Tiruchchendur,TN,4035
3108,Tiruchengode,TN,4035
3109,Tiruchirappalli,TN,4035
3110,Tirukkoyilur,TN,4035
3111,Tirumullaivasal,TN,4035
3112,Tirunelveli,TN,4035
3113,Tirunelveli Kattabo,TN,4035
3114,Tiruppalaikudi,TN,4035
3115,Tirupparangunram,TN,4035
3116,Tiruppur,TN,4035
3117,Tiruppuvanam,TN,4035
3118,Tiruttangal,TN,4035
3119,Tiruvannamalai,TN,4035
3120,Tiruvottiyur,TN,4035
3121,Tisaiyanvilai,TN,4035
3122,Tondi,TN,4035
3123,Turaiyur,TN,4035
3124,Udangudi,TN,4035
3125,Udumalaippettai,TN,4035
3126,Uppiliyapuram,TN,4035
3127,Usilampatti,TN,4035
3128,Uttamapalaiyam,TN,4035
3129,Uttiramerur,TN,4035
3130,Uttukkuli,TN,4035
3131,V.S.K.Valasai (Dindigul-Dist.),TN,4035
3132,Vadakku Valliyur,TN,4035
3133,Vadakku Viravanallur,TN,4035
3134,Vadamadurai,TN,4035
3135,Vadippatti,TN,4035
3136,Valangaiman,TN,4035
3137,Valavanur,TN,4035
3138,Vallam,TN,4035
3139,Valparai,TN,4035
3140,Vandalur,TN,4035
3141,Vandavasi,TN,4035
3142,Vaniyambadi,TN,4035
3143,Vasudevanallur,TN,4035
3144,Vattalkundu,TN,4035
3145,Vedaraniyam,TN,4035
3146,Vedasandur,TN,4035
3147,Velankanni,TN,4035
3148,Vellanur,TN,4035
3149,Vellore,TN,4035
3150,Velur,TN,4035
3151,Vengavasal,TN,4035
3152,Vettaikkaranpudur,TN,4035
3153,Vettavalam,TN,4035
3154,Vijayapuri,TN,4035
3155,Vikravandi,TN,4035
3156,Vilattikulam,TN,4035
3157,Villupuram,TN,4035
3158,Viraganur,TN,4035
3159,Virudhunagar,TN,4035
3160,Vriddhachalam,TN,4035
3161,Walajapet,TN,4035
3162,Wallajahbad,TN,4035
3163,Wellington,TN,4035
3164,Adilabad,TG,4012
3165,Alampur,TG,4012
3166,Andol,TG,4012
3167,Asifabad,TG,4012
3168,Balapur,TG,4012
3169,Banswada,TG,4012
3170,Bellampalli,TG,4012
3171,Bhadrachalam,TG,4012
3172,Bhadradri Kothagudem,TG,4012
3173,Bhaisa,TG,4012
3174,Bhongir,TG,4012
3175,Bodhan,TG,4012
3176,Chandur,TG,4012
3177,Chatakonda,TG,4012
3178,Dasnapur,TG,4012
3179,Devarkonda,TG,4012
3180,Dornakal,TG,4012
3181,Farrukhnagar,TG,4012
3182,Gaddi Annaram,TG,4012
3183,Gadwal,TG,4012
3184,Ghatkesar,TG,4012
3185,Gopalur,TG,4012
3186,Gudur,TG,4012
3187,Hyderabad,TG,4012
3188,Jagtial,TG,4012
3189,Jangaon,TG,4012
3190,Jayashankar Bhupalapally,TG,4012
3191,Jogulamba Gadwal,TG,4012
3192,Kagaznagar,TG,4012
3193,Kamareddi,TG,4012
3194,Kamareddy,TG,4012
3195,Karimnagar,TG,4012
3196,Khammam,TG,4012
3197,Kodar,TG,4012
3198,Koratla,TG,4012
3199,Kothapet,TG,4012
3200,Kottagudem,TG,4012
3201,Kottapalli,TG,4012
3202,Kukatpally,TG,4012
3203,Kyathampalle,TG,4012
3204,Lakshettipet,TG,4012
3205,Lal Bahadur Nagar,TG,4012
3206,Mahabubabad,TG,4012
3207,Mahbubnagar,TG,4012
3208,Malkajgiri,TG,4012
3209,Mancheral,TG,4012
3210,Mandamarri,TG,4012
3211,Manthani,TG,4012
3212,Manuguru,TG,4012
3213,Medak,TG,4012
3214,Medchal,TG,4012
3215,Medchal Malkajgiri,TG,4012
3216,Mirialguda,TG,4012
3217,Nagar Karnul,TG,4012
3218,Nalgonda,TG,4012
3219,Narayanpet,TG,4012
3220,Narsingi,TG,4012
3221,Naspur,TG,4012
3222,Nirmal,TG,4012
3223,Nizamabad,TG,4012
3224,Paloncha,TG,4012
3225,Palwancha,TG,4012
3226,Patancheru,TG,4012
3227,Peddapalli,TG,4012
3228,Quthbullapur,TG,4012
3229,Rajanna Sircilla,TG,4012
3230,Ramagundam,TG,4012
3231,Ramgundam,TG,4012
3232,Rangareddi,TG,4012
3233,Sadaseopet,TG,4012
3234,Sangareddi,TG,4012
3235,Sathupalli,TG,4012
3236,Secunderabad,TG,4012
3237,Serilingampalle,TG,4012
3238,Siddipet,TG,4012
3239,Singapur,TG,4012
3240,Sirpur,TG,4012
3241,Sirsilla,TG,4012
3242,Sriramnagar,TG,4012
3243,Suriapet,TG,4012
3244,Tandur,TG,4012
3245,Uppal Kalan,TG,4012
3246,Vemalwada,TG,4012
3247,Vikarabad,TG,4012
3248,Wanparti,TG,4012
3249,Warangal,TG,4012
3250,Yellandu,TG,4012
3251,Zahirabad,TG,4012
3252,Agartala,TR,4038
3253,Amarpur,TR,4038
3254,Ambasa,TR,4038
3255,Barjala,TR,4038
3256,Belonia,TR,4038
3257,Dhalai,TR,4038
3258,Dharmanagar,TR,4038
3259,Gomati,TR,4038
3260,Kailashahar,TR,4038
3261,Kamalpur,TR,4038
3262,Khowai,TR,4038
3263,North Tripura,TR,4038
3264,Ranir Bazar,TR,4038
3265,Sabrum,TR,4038
3266,Sonamura,TR,4038
3267,South Tripura,TR,4038
3268,Udaipur,TR,4038
3269,Unakoti,TR,4038
3270,West Tripura,TR,4038
3271,Achhnera,UP,4022
3272,Afzalgarh,UP,4022
3273,Agra,UP,4022
3274,Ahraura,UP,4022
3275,Aidalpur,UP,4022
3276,Airwa,UP,4022
3277,Akbarpur,UP,4022
3278,Akola,UP,4022
3279,Aliganj,UP,4022
3280,Aligarh,UP,4022
3281,Allahabad,UP,4022
3282,Allahganj,UP,4022
3283,Amanpur,UP,4022
3284,Amauli,UP,4022
3285,Ambahta,UP,4022
3286,Ambedkar Nagar,UP,4022
3287,Amethi,UP,4022
3288,Amroha,UP,4022
3289,Anandnagar,UP,4022
3290,Antu,UP,4022
3291,Anupshahr,UP,4022
3292,Aonla,UP,4022
3293,Araul,UP,4022
3294,Asalatganj,UP,4022
3295,Atarra,UP,4022
3296,Atrauli,UP,4022
3297,Atraulia,UP,4022
3298,Auraiya,UP,4022
3299,Auras,UP,4022
3300,Ayodhya,UP,4022
3301,Azamgarh,UP,4022
3302,Azizpur,UP,4022
3303,Baberu,UP,4022
3304,Babina,UP,4022
3305,Babrala,UP,4022
3306,Babugarh,UP,4022
3307,Bachhraon,UP,4022
3308,Bachhrawan,UP,4022
3309,Baghpat,UP,4022
3310,Baghra,UP,4022
3311,Bah,UP,4022
3312,Baheri,UP,4022
3313,Bahjoi,UP,4022
3314,Bahraich,UP,4022
3315,Bahraigh,UP,4022
3316,Bahsuma,UP,4022
3317,Bahua,UP,4022
3318,Bajna,UP,4022
3319,Bakewar,UP,4022
3320,Baksar,UP,4022
3321,Balamau,UP,4022
3322,Baldeo,UP,4022
3323,Baldev,UP,4022
3324,Ballia,UP,4022
3325,Balrampur,UP,4022
3326,Banat,UP,4022
3327,Banbasa,UP,4022
3328,Banda,UP,4022
3329,Bangarmau,UP,4022
3330,Bansdih,UP,4022
3331,Bansgaon,UP,4022
3332,Bansi,UP,4022
3333,Banthra,UP,4022
3334,Bara Banki,UP,4022
3335,Baragaon,UP,4022
3336,Baraut,UP,4022
3337,Bareilly,UP,4022
3338,Barhalganj,UP,4022
3339,Barkhera,UP,4022
3340,Barkhera Kalan,UP,4022
3341,Barokhar,UP,4022
3342,Barsana,UP,4022
3343,Barwar (Lakhimpur Kheri),UP,4022
3344,Basti,UP,4022
3345,Behat,UP,4022
3346,Bela,UP,4022
3347,Belthara,UP,4022
3348,Beniganj,UP,4022
3349,Beswan,UP,4022
3350,Bewar,UP,4022
3351,Bhadarsa,UP,4022
3352,Bhadohi,UP,4022
3353,Bhagwantnagar,UP,4022
3354,Bharatpura,UP,4022
3355,Bhargain,UP,4022
3356,Bharthana,UP,4022
3357,Bharwari,UP,4022
3358,Bhaupur,UP,4022
3359,Bhimtal,UP,4022
3360,Bhinga,UP,4022
3361,Bhognipur,UP,4022
3362,Bhongaon,UP,4022
3363,Bidhnu,UP,4022
3364,Bidhuna,UP,4022
3365,Bighapur,UP,4022
3366,Bighapur Khurd,UP,4022
3367,Bijnor,UP,4022
3368,Bikapur,UP,4022
3369,Bilari,UP,4022
3370,Bilariaganj,UP,4022
3371,Bilaspur,UP,4022
3372,Bilgram,UP,4022
3373,Bilhaur,UP,4022
3374,Bilsanda,UP,4022
3375,Bilsi,UP,4022
3376,Bilthra,UP,4022
3377,Binauli,UP,4022
3378,Binaur,UP,4022
3379,Bindki,UP,4022
3380,Birdpur,UP,4022
3381,Birpur,UP,4022
3382,Bisalpur,UP,4022
3383,Bisanda Buzurg,UP,4022
3384,Bisauli,UP,4022
3385,Bisenda Buzurg,UP,4022
3386,Bishunpur Urf Maharajganj,UP,4022
3387,Biswan,UP,4022
3388,Bithur,UP,4022
3389,Budaun,UP,4022
3390,Budhana,UP,4022
3391,Bulandshahr,UP,4022
3392,Captainganj,UP,4022
3393,Chail,UP,4022
3394,Chakia,UP,4022
3395,Chandauli,UP,4022
3396,Chandauli District,UP,4022
3397,Chandausi,UP,4022
3398,Chandpur,UP,4022
3399,Chanduasi,UP,4022
3400,Charkhari,UP,4022
3401,Charthawal,UP,4022
3402,Chhaprauli,UP,4022
3403,Chharra,UP,4022
3404,Chhata,UP,4022
3405,Chhibramau,UP,4022
3406,Chhitauni,UP,4022
3407,Chhutmalpur,UP,4022
3408,Chillupar,UP,4022
3409,Chirgaon,UP,4022
3410,Chitrakoot,UP,4022
3411,Chitrakoot Dham,UP,4022
3412,Chopan,UP,4022
3413,Chunar,UP,4022
3414,Churk,UP,4022
3415,Colonelganj,UP,4022
3416,Dadri,UP,4022
3417,Dalmau,UP,4022
3418,Dankaur,UP,4022
3419,Daraganj,UP,4022
3420,Daranagar,UP,4022
3421,Dasna,UP,4022
3422,Dataganj,UP,4022
3423,Daurala,UP,4022
3424,Dayal Bagh,UP,4022
3425,Deoband,UP,4022
3426,Deogarh,UP,4022
3427,Deoranian,UP,4022
3428,Deoria,UP,4022
3429,Derapur,UP,4022
3430,Dewa,UP,4022
3431,Dhampur,UP,4022
3432,Dhanaura,UP,4022
3433,Dhanghata,UP,4022
3434,Dharau,UP,4022
3435,Dhaurahra,UP,4022
3436,Dibai,UP,4022
3437,Divrasai,UP,4022
3438,Dohrighat,UP,4022
3439,Domariaganj,UP,4022
3440,Dostpur,UP,4022
3441,Dudhi,UP,4022
3442,Etah,UP,4022
3443,Etawah,UP,4022
3444,Etmadpur,UP,4022
3445,Faizabad,UP,4022
3446,Farah,UP,4022
3447,Faridnagar,UP,4022
3448,Faridpur,UP,4022
3449,Farrukhabad,UP,4022
3450,Fatehabad,UP,4022
3451,Fatehganj West,UP,4022
3452,Fatehgarh,UP,4022
3453,Fatehpur,UP,4022
3454,Fatehpur (Barabanki),UP,4022
3455,Fatehpur Chaurasi,UP,4022
3456,Fatehpur Sikri,UP,4022
3457,Firozabad,UP,4022
3458,Fyzabad,UP,4022
3459,Gahlon,UP,4022
3460,Gahmar,UP,4022
3461,Gaini,UP,4022
3462,Gajraula,UP,4022
3463,Gangoh,UP,4022
3464,Ganj Dundawara,UP,4022
3465,Ganj Dundwara,UP,4022
3466,Ganj Muradabad,UP,4022
3467,Garautha,UP,4022
3468,Garhi Pukhta,UP,4022
3469,Garhmuktesar,UP,4022
3470,Garhwa,UP,4022
3471,Gauriganj,UP,4022
3472,Gautam Buddha Nagar,UP,4022
3473,Gawan,UP,4022
3474,Ghatampur,UP,4022
3475,Ghaziabad,UP,4022
3476,Ghazipur,UP,4022
3477,Ghiror,UP,4022
3478,Ghorawal,UP,4022
3479,Ghosi,UP,4022
3480,Gohand,UP,4022
3481,Gokul,UP,4022
3482,Gola Bazar,UP,4022
3483,Gola Gokarannath,UP,4022
3484,Gonda,UP,4022
3485,Gopamau,UP,4022
3486,Gorakhpur,UP,4022
3487,Gosainganj,UP,4022
3488,Goshainganj,UP,4022
3489,Govardhan,UP,4022
3490,Greater Noida,UP,4022
3491,Gulaothi,UP,4022
3492,Gunnaur,UP,4022
3493,Gursahaiganj,UP,4022
3494,Gursarai,UP,4022
3495,Gyanpur,UP,4022
3496,Haldaur,UP,4022
3497,Hamirpur,UP,4022
3498,Handia,UP,4022
3499,Hapur,UP,4022
3500,Haraipur,UP,4022
3501,Haraiya,UP,4022
3502,Harchandpur,UP,4022
3503,Hardoi,UP,4022
3504,Harduaganj,UP,4022
3505,Hasanpur,UP,4022
3506,Hastinapur,UP,4022
3507,Hata,UP,4022
3508,Hata (India),UP,4022
3509,Hathras,UP,4022
3510,Hulas,UP,4022
3511,Ibrahimpur,UP,4022
3512,Iglas,UP,4022
3513,Ikauna,UP,4022
3514,Indergarh,UP,4022
3515,Indragarh,UP,4022
3516,Islamnagar,UP,4022
3517,Islamnagar (Badaun),UP,4022
3518,Itaunja,UP,4022
3519,Itimadpur,UP,4022
3520,Jagdishpur,UP,4022
3521,Jagnair,UP,4022
3522,Jahanabad,UP,4022
3523,Jahanabad (Pilibhit),UP,4022
3524,Jahangirabad,UP,4022
3525,Jahangirpur,UP,4022
3526,Jainpur,UP,4022
3527,Jais,UP,4022
3528,Jalalabad,UP,4022
3529,Jalali,UP,4022
3530,Jalalpur,UP,4022
3531,Jalaun,UP,4022
3532,Jalesar,UP,4022
3533,Janghai,UP,4022
3534,Jansath,UP,4022
3535,Jarwa,UP,4022
3536,Jarwal,UP,4022
3537,Jasrana,UP,4022
3538,Jaswantnagar,UP,4022
3539,Jaunpur,UP,4022
3540,Jewar,UP,4022
3541,Jhajhar,UP,4022
3542,Jhalu,UP,4022
3543,Jhansi,UP,4022
3544,Jhinjhak,UP,4022
3545,Jhinjhana,UP,4022
3546,Jhusi,UP,4022
3547,Jiyanpur,UP,4022
3548,Jyotiba Phule Nagar,UP,4022
3549,Kabrai,UP,4022
3550,Kachhwa,UP,4022
3551,Kadaura,UP,4022
3552,Kadipur,UP,4022
3553,Kagarol,UP,4022
3554,Kaimganj,UP,4022
3555,Kairana,UP,4022
3556,Kakori,UP,4022
3557,Kakrala,UP,4022
3558,Kalinagar,UP,4022
3559,Kalpi,UP,4022
3560,Kalyanpur,UP,4022
3561,Kamalganj,UP,4022
3562,Kampil,UP,4022
3563,Kandhla,UP,4022
3564,Kannauj,UP,4022
3565,Kanpur,UP,4022
3566,Kanpur Dehat,UP,4022
3567,Kant,UP,4022
3568,Kanth,UP,4022
3569,Kaptanganj,UP,4022
3570,Kara,UP,4022
3571,Karari,UP,4022
3572,Karbigwan,UP,4022
3573,Karchana,UP,4022
3574,Karhal,UP,4022
3575,Kasganj,UP,4022
3576,Katra,UP,4022
3577,Kausani,UP,4022
3578,Kaushambi District,UP,4022
3579,Kemri,UP,4022
3580,Khada,UP,4022
3581,Khaga,UP,4022
3582,Khailar,UP,4022
3583,Khair,UP,4022
3584,Khairabad,UP,4022
3585,Khalilabad,UP,4022
3586,Khanpur,UP,4022
3587,Kharela,UP,4022
3588,Khargupur,UP,4022
3589,Kharkhauda,UP,4022
3590,Khatauli,UP,4022
3591,Khekra,UP,4022
3592,Kheri,UP,4022
3593,Khudaganj,UP,4022
3594,Khurja,UP,4022
3595,Khutar,UP,4022
3596,Kirakat,UP,4022
3597,Kiraoli,UP,4022
3598,Kiratpur,UP,4022
3599,Kishanpur,UP,4022
3600,Kishanpur baral,UP,4022
3601,Kishni,UP,4022
3602,Kithor,UP,4022
3603,Konch,UP,4022
3604,Kopaganj,UP,4022
3605,Kosi,UP,4022
3606,Kota,UP,4022
3607,Kotra,UP,4022
3608,Kuchesar,UP,4022
3609,Kudarkot,UP,4022
3610,Kulpahar,UP,4022
3611,Kunda,UP,4022
3612,Kundarkhi,UP,4022
3613,Kundarki,UP,4022
3614,Kurara,UP,4022
3615,Kurebharsaidkhanpur,UP,4022
3616,Kushinagar,UP,4022
3617,Kusmara,UP,4022
3618,Kuthaund,UP,4022
3619,Laharpur,UP,4022
3620,Lakhimpur,UP,4022
3621,Lakhna,UP,4022
3622,Lalganj,UP,4022
3623,Lalitpur,UP,4022
3624,Lambhua,UP,4022
3625,Lar,UP,4022
3626,Lawar,UP,4022
3627,Lawar Khas,UP,4022
3628,Loni,UP,4022
3629,Lucknow,UP,4022
3630,Lucknow District,UP,4022
3631,Machhali Shahar,UP,4022
3632,Machhlishahr,UP,4022
3633,Madhoganj,UP,4022
3634,Madhogarh,UP,4022
3635,Maghar,UP,4022
3636,Mahaban,UP,4022
3637,Maharajganj,UP,4022
3638,Mahmudabad,UP,4022
3639,Mahoba,UP,4022
3640,Maholi,UP,4022
3641,Mahrajganj,UP,4022
3642,Mahrajganj (Raebareli),UP,4022
3643,Mahroni,UP,4022
3644,Mahul,UP,4022
3645,Mailani,UP,4022
3646,Mainpuri,UP,4022
3647,Majhupur,UP,4022
3648,Makanpur,UP,4022
3649,Malasa,UP,4022
3650,Malihabad,UP,4022
3651,Mandawar,UP,4022
3652,Maniar,UP,4022
3653,Manikpur,UP,4022
3654,Manjhanpur,UP,4022
3655,Mankapur,UP,4022
3656,Marahra,UP,4022
3657,Mariahu,UP,4022
3658,Mataundh,UP,4022
3659,Mathura,UP,4022
3660,Mau,UP,4022
3661,Mau Aima,UP,4022
3662,Mau Aimma,UP,4022
3663,Maudaha,UP,4022
3664,Maurawan,UP,4022
3665,Mawana,UP,4022
3666,Mawar,UP,4022
3667,Meerut,UP,4022
3668,Mehdawal,UP,4022
3669,Mehnagar,UP,4022
3670,Mehndawal,UP,4022
3671,Milak,UP,4022
3672,Milkipur,UP,4022
3673,Miranpur,UP,4022
3674,Miranpur Katra,UP,4022
3675,Mirganj,UP,4022
3676,Mirzapur,UP,4022
3677,Misrikh,UP,4022
3678,Mohan,UP,4022
3679,Mohanpur,UP,4022
3680,Moradabad,UP,4022
3681,Moth,UP,4022
3682,Mubarakpur,UP,4022
3683,Mughal Sarai,UP,4022
3684,Muhammadabad,UP,4022
3685,Mukteshwar,UP,4022
3686,Mungra Badshahpur,UP,4022
3687,Munsyari,UP,4022
3688,Muradabad,UP,4022
3689,Muradnagar,UP,4022
3690,Mursan,UP,4022
3691,Musafir-Khana,UP,4022
3692,Musafirkhana,UP,4022
3693,Muzaffarnagar,UP,4022
3694,Nadigaon,UP,4022
3695,Nagina,UP,4022
3696,Nagla,UP,4022
3697,Nagram,UP,4022
3698,Najibabad,UP,4022
3699,Nakur,UP,4022
3700,Nanauta,UP,4022
3701,Nandgaon,UP,4022
3702,Nanpara,UP,4022
3703,Narauli,UP,4022
3704,Naraura,UP,4022
3705,Narora,UP,4022
3706,Naugama,UP,4022
3707,Naurangpur,UP,4022
3708,Nautanwa,UP,4022
3709,Nawabganj,UP,4022
3710,Nawabganj (Barabanki),UP,4022
3711,Nawabganj (Bareilly),UP,4022
3712,Newara,UP,4022
3713,Nichlaul,UP,4022
3714,Nigoh,UP,4022
3715,Nihtaur,UP,4022
3716,Niwari,UP,4022
3717,Nizamabad,UP,4022
3718,Noida,UP,4022
3719,Nurpur,UP,4022
3720,Obra,UP,4022
3721,Orai,UP,4022
3722,Oran,UP,4022
3723,Pachperwa,UP,4022
3724,Padrauna,UP,4022
3725,Pahasu,UP,4022
3726,Paigaon,UP,4022
3727,Pali,UP,4022
3728,Palia Kalan,UP,4022
3729,Paras Rampur,UP,4022
3730,Parichha,UP,4022
3731,Parichhatgarh,UP,4022
3732,Parshadepur,UP,4022
3733,Pathakpura,UP,4022
3734,Patiali,UP,4022
3735,Patti,UP,4022
3736,Pawayan,UP,4022
3737,Payagpur,UP,4022
3738,Phalauda,UP,4022
3739,Phaphamau,UP,4022
3740,Phaphund,UP,4022
3741,Phariha,UP,4022
3742,Pheona,UP,4022
3743,Phulpur,UP,4022
3744,Pichhaura,UP,4022
3745,Pihani,UP,4022
3746,Pilibhit,UP,4022
3747,Pilkhua,UP,4022
3748,Pilkhuwa,UP,4022
3749,Pinahat,UP,4022
3750,Pipraich,UP,4022
3751,Pipri,UP,4022
3752,Pratapgarh,UP,4022
3753,Prayagraj (Allahabad),UP,4022
3754,Pukhrayan,UP,4022
3755,Puranpur,UP,4022
3756,Purmafi,UP,4022
3757,Purwa,UP,4022
3758,Qadirganj,UP,4022
3759,Rabupura,UP,4022
3760,Radha Kund,UP,4022
3761,Radhakund,UP,4022
3762,Raebareli,UP,4022
3763,Rajapur,UP,4022
3764,Ramkola,UP,4022
3765,Ramnagar,UP,4022
3766,Rampur,UP,4022
3767,Rampura,UP,4022
3768,Ranipur,UP,4022
3769,Ranipur Barsi,UP,4022
3770,Rasra,UP,4022
3771,Rasulabad,UP,4022
3772,Rath,UP,4022
3773,Raya,UP,4022
3774,Rehar,UP,4022
3775,Renukoot,UP,4022
3776,Renukut,UP,4022
3777,Reoti,UP,4022
3778,Reotipur,UP,4022
3779,Richha,UP,4022
3780,Robertsganj,UP,4022
3781,Rudarpur,UP,4022
3782,Rudauli,UP,4022
3783,Rura,UP,4022
3784,Sabalpur,UP,4022
3785,Sachendi,UP,4022
3786,Sadabad,UP,4022
3787,Sadat,UP,4022
3788,Safipur,UP,4022
3789,Saharanpur,UP,4022
3790,Sahaspur,UP,4022
3791,Sahaswan,UP,4022
3792,Sahawar,UP,4022
3793,Sahibabad,UP,4022
3794,Sahpau,UP,4022
3795,Saidpur,UP,4022
3796,Sakhanu,UP,4022
3797,Sakit,UP,4022
3798,Salempur,UP,4022
3799,Salon,UP,4022
3800,Sambhal,UP,4022
3801,Samthar,UP,4022
3802,Sandi,UP,4022
3803,Sandila,UP,4022
3804,Sant Kabir Nagar,UP,4022
3805,Sant Ravi Das Nagar,UP,4022
3806,Sarai Akil,UP,4022
3807,Sarai Ekdil,UP,4022
3808,Sarai Mir,UP,4022
3809,Sarauli,UP,4022
3810,Sardhana,UP,4022
3811,Sarila,UP,4022
3812,Sarurpur,UP,4022
3813,Sasni,UP,4022
3814,Satrikh,UP,4022
3815,Saurikh,UP,4022
3816,Sector,UP,4022
3817,Seohara,UP,4022
3818,Shahabad,UP,4022
3819,Shahganj,UP,4022
3820,Shahi,UP,4022
3821,Shahjahanpur,UP,4022
3822,Shahpur,UP,4022
3823,Shamli,UP,4022
3824,Shamsabad,UP,4022
3825,Shankargarh,UP,4022
3826,Shergarh,UP,4022
3827,Sherkot,UP,4022
3828,Shibnagar,UP,4022
3829,Shikarpur,UP,4022
3830,Shikarpur (Bulandshahr),UP,4022
3831,Shikohabad,UP,4022
3832,Shishgarh,UP,4022
3833,Shivrajpur,UP,4022
3834,Shrawasti,UP,4022
3835,Siddharthnagar,UP,4022
3836,Siddhaur,UP,4022
3837,Sidhauli,UP,4022
3838,Sidhpura,UP,4022
3839,Sikandarabad,UP,4022
3840,Sikandarpur,UP,4022
3841,Sikandra,UP,4022
3842,Sikandra Rao,UP,4022
3843,Sikandrabad,UP,4022
3844,Sirathu,UP,4022
3845,Sirsa,UP,4022
3846,Sirsaganj,UP,4022
3847,Sirsi,UP,4022
3848,Sisauli,UP,4022
3849,Siswa Bazar,UP,4022
3850,Sitapur,UP,4022
3851,Sonbhadra,UP,4022
3852,Soron,UP,4022
3853,Suar,UP,4022
3854,Sultanpur,UP,4022
3855,Surianwan,UP,4022
3856,Tajpur,UP,4022
3857,Talbahat,UP,4022
3858,Talgram,UP,4022
3859,Tanda,UP,4022
3860,Terha,UP,4022
3861,Thakurdwara,UP,4022
3862,Thana Bhawan,UP,4022
3863,Tigri,UP,4022
3864,Tikaitnagar,UP,4022
3865,Tikri,UP,4022
3866,Tilhar,UP,4022
3867,Tilsahri,UP,4022
3868,Tindwari,UP,4022
3869,Titron,UP,4022
3870,Tori Fatehpur,UP,4022
3871,Tori-Fatehpur,UP,4022
3872,Tulsipur,UP,4022
3873,Tundla,UP,4022
3874,Ugu,UP,4022
3875,Ujhani,UP,4022
3876,Umri,UP,4022
3877,Un,UP,4022
3878,Unnao,UP,4022
3879,Usawan,UP,4022
3880,Usehat,UP,4022
3881,Uska,UP,4022
3882,Utraula,UP,4022
3883,Varanasi,UP,4022
3884,Vindhyachal,UP,4022
3885,Vrindavan,UP,4022
3886,Walterganj,UP,4022
3887,Wazirganj,UP,4022
3888,Yusufpur,UP,4022
3889,Zafarabad,UP,4022
3890,Zaidpur,UP,4022
3891,Zamania,UP,4022
3892,Almora,UK,4016
3893,Bageshwar,UK,4016
3894,Barkot,UK,4016
3895,Bazpur,UK,4016
3896,Bhim Tal,UK,4016
3897,Bhowali,UK,4016
3898,Birbhaddar,UK,4016
3899,Chakrata,UK,4016
3900,Chamoli,UK,4016
3901,Champawat,UK,4016
3902,Clement Town,UK,4016
3903,Dehradun,UK,4016
3904,Devaprayag,UK,4016
3905,Dharchula,UK,4016
3906,Doiwala,UK,4016
3907,Dugadda,UK,4016
3908,Dwarahat,UK,4016
3909,Garhwal,UK,4016
3910,Haldwani,UK,4016
3911,Harbatpur,UK,4016
3912,Haridwar,UK,4016
3913,Jaspur,UK,4016
3914,Joshimath,UK,4016
3915,Kaladhungi,UK,4016
3916,Kalagarh Project Colony,UK,4016
3917,Kashipur,UK,4016
3918,Khatima,UK,4016
3919,Kichha,UK,4016
3920,Kotdwara,UK,4016
3921,Laksar,UK,4016
3922,Lansdowne,UK,4016
3923,Lohaghat,UK,4016
3924,Manglaur,UK,4016
3925,Mussoorie,UK,4016
3926,Naini Tal,UK,4016
3927,Narendranagar,UK,4016
3928,Pauri,UK,4016
3929,Pipalkoti,UK,4016
3930,Pithoragarh,UK,4016
3931,Raipur,UK,4016
3932,Raiwala Bara,UK,4016
3933,Ramnagar,UK,4016
3934,Ranikhet,UK,4016
3935,Rishikesh,UK,4016
3936,Roorkee,UK,4016
3937,Rudraprayag,UK,4016
3938,Sitarganj,UK,4016
3939,Srinagar,UK,4016
3940,Sultanpur,UK,4016
3941,Tanakpur,UK,4016
3942,Tehri,UK,4016
3943,Tehri-Garhwal,UK,4016
3944,Udham Singh Nagar,UK,4016
3945,Uttarkashi,UK,4016
3946,Vikasnagar,UK,4016
3947,Adra,WB,4853
3948,Ahmedpur,WB,4853
3949,Aistala,WB,4853
3950,Aknapur,WB,4853
3951,Alipurduar,WB,4853
3952,Amlagora,WB,4853
3953,Amta,WB,4853
3954,Amtala,WB,4853
3955,Andal,WB,4853
3956,Arambagh community development block,WB,4853
3957,Asansol,WB,4853
3958,Ashoknagar Kalyangarh,WB,4853
3959,Badkulla,WB,4853
3960,Baduria,WB,4853
3961,Bagdogra,WB,4853
3962,Bagnan,WB,4853
3963,Bagula,WB,4853
3964,Bahula,WB,4853
3965,Baidyabati,WB,4853
3966,Bakreswar,WB,4853
3967,Balarampur,WB,4853
3968,Bali Chak,WB,4853
3969,Bally,WB,4853
3970,Balurghat,WB,4853
3971,Bamangola community development block,WB,4853
3972,Baneswar,WB,4853
3973,Bangaon,WB,4853
3974,Bankra,WB,4853
3975,Bankura,WB,4853
3976,Bansberia,WB,4853
3977,Bansihari community development block,WB,4853
3978,Barabazar,WB,4853
3979,Baranagar,WB,4853
3980,Barasat,WB,4853
3981,Bardhaman,WB,4853
3982,Barjora,WB,4853
3983,Barrackpore,WB,4853
3984,Baruipur,WB,4853
3985,Basanti,WB,4853
3986,Basirhat,WB,4853
3987,Bawali,WB,4853
3988,Begampur,WB,4853
3989,Belda,WB,4853
3990,Beldanga,WB,4853
3991,Beliatore,WB,4853
3992,Berhampore,WB,4853
3993,Bhadreswar,WB,4853
3994,Bhandardaha,WB,4853
3995,Bhatpara,WB,4853
3996,Birbhum district,WB,4853
3997,Birpara,WB,4853
3998,Bishnupur,WB,4853
3999,Bolpur,WB,4853
4000,Budge Budge,WB,4853
4001,Canning,WB,4853
4002,Chakapara,WB,4853
4003,Chakdaha,WB,4853
4004,Champadanga,WB,4853
4005,Champahati,WB,4853
4006,Champdani,WB,4853
4007,Chandannagar,WB,4853
4008,Chandrakona,WB,4853
4009,Chittaranjan,WB,4853
4010,Churulia,WB,4853
4011,Contai,WB,4853
4012,Cooch Behar,WB,4853
4013,Cossimbazar,WB,4853
4014,Dakshin Dinajpur district,WB,4853
4015,Dalkola,WB,4853
4016,Dam Dam,WB,4853
4017,Darjeeling,WB,4853
4018,Daulatpur,WB,4853
4019,Debagram,WB,4853
4020,Debipur,WB,4853
4021,Dhaniakhali community development block,WB,4853
4022,Dhulagari,WB,4853
4023,Dhulian,WB,4853
4024,Dhupguri,WB,4853
4025,Diamond Harbour,WB,4853
4026,Digha,WB,4853
4027,Dinhata,WB,4853
4028,Domjur,WB,4853
4029,Dubrajpur,WB,4853
4030,Durgapur,WB,4853
4031,Egra,WB,4853
4032,Falakata,WB,4853
4033,Farakka,WB,4853
4034,Fort Gloster,WB,4853
4035,Gaighata community development block,WB,4853
4036,Gairkata,WB,4853
4037,Gangadharpur,WB,4853
4038,Gangarampur,WB,4853
4039,Garui,WB,4853
4040,Garulia,WB,4853
4041,Ghatal,WB,4853
4042,Giria,WB,4853
4043,Gobardanga,WB,4853
4044,Gobindapur,WB,4853
4045,Gopalpur,WB,4853
4046,Gopinathpur,WB,4853
4047,Gorubathan,WB,4853
4048,Gosaba,WB,4853
4049,Gosanimari,WB,4853
4050,Gurdaha,WB,4853
4051,Guskhara,WB,4853
4052,Habra,WB,4853
4053,Haldia,WB,4853
4054,Haldibari,WB,4853
4055,Halisahar,WB,4853
4056,Harindanga,WB,4853
4057,Haringhata,WB,4853
4058,Haripur,WB,4853
4059,Hasimara,WB,4853
4060,Hindusthan Cables Town,WB,4853
4061,Hooghly district,WB,4853
4062,Howrah,WB,4853
4063,Ichapur,WB,4853
4064,Indpur community development block,WB,4853
4065,Ingraj Bazar,WB,4853
4066,Islampur,WB,4853
4067,Jafarpur,WB,4853
4068,Jaigaon,WB,4853
4069,Jalpaiguri,WB,4853
4070,Jamuria,WB,4853
4071,Jangipur,WB,4853
4072,Jaynagar Majilpur,WB,4853
4073,Jejur,WB,4853
4074,Jhalida,WB,4853
4075,Jhargram,WB,4853
4076,Jhilimili,WB,4853
4077,Kakdwip,WB,4853
4078,Kalaikunda,WB,4853
4079,Kaliaganj,WB,4853
4080,Kalimpong,WB,4853
4081,Kalna,WB,4853
4082,Kalyani,WB,4853
4083,Kamarhati,WB,4853
4084,Kamarpukur,WB,4853
4085,Kanchrapara,WB,4853
4086,Kandi,WB,4853
4087,Karimpur,WB,4853
4088,Katwa,WB,4853
4089,Kenda,WB,4853
4090,Keshabpur,WB,4853
4091,Kharagpur,WB,4853
4092,Kharar,WB,4853
4093,Kharba,WB,4853
4094,Khardaha,WB,4853
4095,Khatra,WB,4853
4096,Kirnahar,WB,4853
4097,Kolkata,WB,4853
4098,Konnagar,WB,4853
4099,Krishnanagar,WB,4853
4100,Krishnapur,WB,4853
4101,Kshirpai,WB,4853
4102,Kulpi,WB,4853
4103,Kultali,WB,4853
4104,Kulti,WB,4853
4105,Kurseong,WB,4853
4106,Lalgarh,WB,4853
4107,Lalgola,WB,4853
4108,Loyabad,WB,4853
4109,Madanpur,WB,4853
4110,Madhyamgram,WB,4853
4111,Mahiari,WB,4853
4112,Mahishadal community development block,WB,4853
4113,Mainaguri,WB,4853
4114,Manikpara,WB,4853
4115,Masila,WB,4853
4116,Mathabhanga,WB,4853
4117,Matiali community development block,WB,4853
4118,Matigara community development block,WB,4853
4119,Medinipur,WB,4853
4120,Mejia community development block,WB,4853
4121,Memari,WB,4853
4122,Mirik,WB,4853
4123,Monoharpur,WB,4853
4124,Muragacha,WB,4853
4125,Muri,WB,4853
4126,Murshidabad,WB,4853
4127,Nabadwip,WB,4853
4128,Nabagram,WB,4853
4129,Nadia district,WB,4853
4130,Nagarukhra,WB,4853
4131,Nagrakata,WB,4853
4132,Naihati,WB,4853
4133,Naksalbari,WB,4853
4134,Nalhati,WB,4853
4135,Nalpur,WB,4853
4136,Namkhana community development block,WB,4853
4137,Nandigram,WB,4853
4138,Nangi,WB,4853
4139,Nayagram community development block,WB,4853
4140,North 24 Parganas district,WB,4853
4141,Odlabari,WB,4853
4142,Paikpara,WB,4853
4143,Panagarh,WB,4853
4144,Panchla,WB,4853
4145,Panchmura,WB,4853
4146,Pandua,WB,4853
4147,Panihati,WB,4853
4148,Panskura,WB,4853
4149,Parbatipur,WB,4853
4150,Paschim Medinipur district,WB,4853
4151,Patiram,WB,4853
4152,Patrasaer,WB,4853
4153,Patuli,WB,4853
4154,Pujali,WB,4853
4155,Puncha community development block,WB,4853
4156,Purba Medinipur district,WB,4853
4157,Purulia,WB,4853
4158,Raghudebbati,WB,4853
4159,Raghunathpur,WB,4853
4160,Raiganj,WB,4853
4161,Rajmahal,WB,4853
4162,Rajnagar community development block,WB,4853
4163,Ramchandrapur,WB,4853
4164,Ramjibanpur,WB,4853
4165,Ramnagar,WB,4853
4166,Rampur Hat,WB,4853
4167,Ranaghat,WB,4853
4168,Raniganj,WB,4853
4169,Raypur,WB,4853
4170,Rishra,WB,4853
4171,Sahapur,WB,4853
4172,Sainthia,WB,4853
4173,Salanpur community development block,WB,4853
4174,Sankarpur,WB,4853
4175,Sankrail,WB,4853
4176,Santipur,WB,4853
4177,Santoshpur,WB,4853
4178,Santuri community development block,WB,4853
4179,Sarenga,WB,4853
4180,Serampore,WB,4853
4181,Serpur,WB,4853
4182,Shyamnagar West Bengal,WB,4853
4183,Siliguri,WB,4853
4184,Singur,WB,4853
4185,Sodpur,WB,4853
4186,Solap,WB,4853
4187,Sonada,WB,4853
4188,Sonamukhi,WB,4853
4189,Sonarpur community development block,WB,4853
4190,South 24 Parganas district,WB,4853
4191,Srikhanda,WB,4853
4192,Srirampur,WB,4853
4193,Suri,WB,4853
4194,Swarupnagar community development block,WB,4853
4195,Takdah,WB,4853
4196,Taki,WB,4853
4197,Tamluk,WB,4853
4198,Tarakeswar,WB,4853
4199,Titagarh,WB,4853
4200,Tufanganj,WB,4853
4201,Tulin,WB,4853
4202,Uchalan,WB,4853
4203,Ula,WB,4853
4204,Uluberia,WB,4853
4205,Uttar Dinajpur district,WB,4853
4206,Uttarpara Kotrung,WB,4853
